{
  "Shellyht_room12_136_T": {
    "class": "org.eclipse.smarthome.core.items.ManagedItemProvider$PersistedItem",
    "value": {
      "groupNames": [],
      "itemType": "Number:Temperature",
      "tags": [],
      "category": "Temperature"
    }
  },
  "Shellyht_room5_113_T": {
    "class": "org.eclipse.smarthome.core.items.ManagedItemProvider$PersistedItem",
    "value": {
      "groupNames": [],
      "itemType": "Number:Temperature",
      "tags": [],
      "category": "Temperature"
    }
  },
  "Shellyht_room2_105_H": {
    "class": "org.eclipse.smarthome.core.items.ManagedItemProvider$PersistedItem",
    "value": {
      "groupNames": [],
      "itemType": "Number:Dimensionless",
      "tags": [],
      "category": "Humidity"
    }
  },
  "Shellyht_room14_140_Battery": {
    "class": "org.eclipse.smarthome.core.items.ManagedItemProvider$PersistedItem",
    "value": {
      "groupNames": [],
      "itemType": "Number:Dimensionless",
      "tags": [],
      "category": "Battery"
    }
  },
  "Shellyht101_Signal": {
    "class": "org.eclipse.smarthome.core.items.ManagedItemProvider$PersistedItem",
    "value": {
      "groupNames": [],
      "itemType": "Number",
      "tags": [],
      "label": "Signal Strength",
      "category": "QualityOfService"
    }
  },
  "Shellyht_room12_136_H": {
    "class": "org.eclipse.smarthome.core.items.ManagedItemProvider$PersistedItem",
    "value": {
      "groupNames": [],
      "itemType": "Number:Dimensionless",
      "tags": [],
      "category": "Humidity"
    }
  },
  "Shellyht_room5_113_H": {
    "class": "org.eclipse.smarthome.core.items.ManagedItemProvider$PersistedItem",
    "value": {
      "groupNames": [],
      "itemType": "Number:Dimensionless",
      "tags": [],
      "category": "Humidity"
    }
  },
  "Shellyht_room9_125_Battery": {
    "class": "org.eclipse.smarthome.core.items.ManagedItemProvider$PersistedItem",
    "value": {
      "groupNames": [],
      "itemType": "Number:Dimensionless",
      "tags": [],
      "category": "Battery"
    }
  },
  "Shellyht_room2_105_T": {
    "class": "org.eclipse.smarthome.core.items.ManagedItemProvider$PersistedItem",
    "value": {
      "groupNames": [],
      "itemType": "Number:Temperature",
      "tags": [],
      "category": "Temperature"
    }
  },
  "Shellyht_room13_137_T": {
    "class": "org.eclipse.smarthome.core.items.ManagedItemProvider$PersistedItem",
    "value": {
      "groupNames": [],
      "itemType": "Number:Temperature",
      "tags": [],
      "category": "Temperature"
    }
  },
  "Shellyht_room11_131_Battery": {
    "class": "org.eclipse.smarthome.core.items.ManagedItemProvider$PersistedItem",
    "value": {
      "groupNames": [],
      "itemType": "Number:Dimensionless",
      "tags": [],
      "category": "Battery"
    }
  },
  "Shellyht_room4_112_T": {
    "class": "org.eclipse.smarthome.core.items.ManagedItemProvider$PersistedItem",
    "value": {
      "groupNames": [],
      "itemType": "Number:Temperature",
      "tags": [],
      "category": "Temperature"
    }
  },
  "Shellyht_room15_144_H": {
    "class": "org.eclipse.smarthome.core.items.ManagedItemProvider$PersistedItem",
    "value": {
      "groupNames": [],
      "itemType": "Number:Dimensionless",
      "tags": [],
      "category": "Humidity"
    }
  },
  "Shellyht_room7_119_Battery": {
    "class": "org.eclipse.smarthome.core.items.ManagedItemProvider$PersistedItem",
    "value": {
      "groupNames": [],
      "itemType": "Number:Dimensionless",
      "tags": [],
      "category": "Battery"
    }
  },
  "Shellyht_room15_143_Battery": {
    "class": "org.eclipse.smarthome.core.items.ManagedItemProvider$PersistedItem",
    "value": {
      "groupNames": [],
      "itemType": "Number:Dimensionless",
      "tags": [],
      "category": "Battery"
    }
  },
  "Shellyht_room8_122_Battery": {
    "class": "org.eclipse.smarthome.core.items.ManagedItemProvider$PersistedItem",
    "value": {
      "groupNames": [],
      "itemType": "Number:Dimensionless",
      "tags": [],
      "category": "Battery"
    }
  },
  "Shellyht_room13_137_H": {
    "class": "org.eclipse.smarthome.core.items.ManagedItemProvider$PersistedItem",
    "value": {
      "groupNames": [],
      "itemType": "Number:Dimensionless",
      "tags": [],
      "category": "Humidity"
    }
  },
  "Shellyht_room15_144_T": {
    "class": "org.eclipse.smarthome.core.items.ManagedItemProvider$PersistedItem",
    "value": {
      "groupNames": [],
      "itemType": "Number:Temperature",
      "tags": [],
      "category": "Temperature"
    }
  },
  "notifications_active": {
    "class": "org.eclipse.smarthome.core.items.ManagedItemProvider$PersistedItem",
    "value": {
      "groupNames": [],
      "itemType": "Group",
      "tags": []
    }
  },
  "gHumidity": {
    "class": "org.eclipse.smarthome.core.items.ManagedItemProvider$PersistedItem",
    "value": {
      "baseItemType": "Number",
      "groupNames": [
        "Home"
      ],
      "itemType": "Group",
      "tags": [
        "Humidity"
      ],
      "label": "Humidity",
      "category": "humidity",
      "functionName": "AVG"
    }
  },
  "Shellyht_room4_112_H": {
    "class": "org.eclipse.smarthome.core.items.ManagedItemProvider$PersistedItem",
    "value": {
      "groupNames": [],
      "itemType": "Number:Dimensionless",
      "tags": [],
      "category": "Humidity"
    }
  },
  "Shellyht_room1_103_Signal": {
    "class": "org.eclipse.smarthome.core.items.ManagedItemProvider$PersistedItem",
    "value": {
      "groupNames": [],
      "itemType": "Number",
      "tags": [],
      "label": "Signal Strength",
      "category": "QualityOfService"
    }
  },
  "Shellyht_room5_114_T": {
    "class": "org.eclipse.smarthome.core.items.ManagedItemProvider$PersistedItem",
    "value": {
      "groupNames": [],
      "itemType": "Number:Temperature",
      "tags": [],
      "category": "Temperature"
    }
  },
  "Shellyht_room1_103_T": {
    "class": "org.eclipse.smarthome.core.items.ManagedItemProvider$PersistedItem",
    "value": {
      "groupNames": [],
      "itemType": "Number:Temperature",
      "tags": [],
      "category": "Temperature"
    }
  },
  "Shellyht_room13_137_Battery": {
    "class": "org.eclipse.smarthome.core.items.ManagedItemProvider$PersistedItem",
    "value": {
      "groupNames": [],
      "itemType": "Number:Dimensionless",
      "tags": [],
      "category": "Battery"
    }
  },
  "lot_nr_timestamp_room15": {
    "class": "org.eclipse.smarthome.core.items.ManagedItemProvider$PersistedItem",
    "value": {
      "groupNames": [
        "lot_nr_timestamp"
      ],
      "itemType": "String",
      "tags": [],
      "label": "hiag"
    }
  },
  "lot_nr_timestamp_room14": {
    "class": "org.eclipse.smarthome.core.items.ManagedItemProvider$PersistedItem",
    "value": {
      "groupNames": [
        "lot_nr_timestamp"
      ],
      "itemType": "String",
      "tags": [],
      "label": "hiag"
    }
  },
  "Shellyht_room12_135_H": {
    "class": "org.eclipse.smarthome.core.items.ManagedItemProvider$PersistedItem",
    "value": {
      "groupNames": [],
      "itemType": "Number:Dimensionless",
      "tags": [],
      "category": "Humidity"
    }
  },
  "lot_nr_timestamp_room11": {
    "class": "org.eclipse.smarthome.core.items.ManagedItemProvider$PersistedItem",
    "value": {
      "groupNames": [
        "lot_nr_timestamp"
      ],
      "itemType": "String",
      "tags": [],
      "label": "hiag"
    }
  },
  "Shellyht_room1_103_H": {
    "class": "org.eclipse.smarthome.core.items.ManagedItemProvider$PersistedItem",
    "value": {
      "groupNames": [],
      "itemType": "Number:Dimensionless",
      "tags": [],
      "category": "Humidity"
    }
  },
  "lot_nr_timestamp_room10": {
    "class": "org.eclipse.smarthome.core.items.ManagedItemProvider$PersistedItem",
    "value": {
      "groupNames": [
        "lot_nr_timestamp"
      ],
      "itemType": "String",
      "tags": [],
      "label": "hiag"
    }
  },
  "lot_nr_timestamp_room13": {
    "class": "org.eclipse.smarthome.core.items.ManagedItemProvider$PersistedItem",
    "value": {
      "groupNames": [
        "lot_nr_timestamp"
      ],
      "itemType": "String",
      "tags": [],
      "label": "hiag"
    }
  },
  "shellyht_room1_101_Battery": {
    "class": "org.eclipse.smarthome.core.items.ManagedItemProvider$PersistedItem",
    "value": {
      "groupNames": [],
      "itemType": "Number:Dimensionless",
      "tags": [],
      "category": "Battery"
    }
  },
  "Shellyht_room5_114_H": {
    "class": "org.eclipse.smarthome.core.items.ManagedItemProvider$PersistedItem",
    "value": {
      "groupNames": [],
      "itemType": "Number:Dimensionless",
      "tags": [],
      "category": "Humidity"
    }
  },
  "lot_nr_timestamp_room12": {
    "class": "org.eclipse.smarthome.core.items.ManagedItemProvider$PersistedItem",
    "value": {
      "groupNames": [
        "lot_nr_timestamp"
      ],
      "itemType": "String",
      "tags": [],
      "label": "hiag"
    }
  },
  "Shellyht_room2_104_T": {
    "class": "org.eclipse.smarthome.core.items.ManagedItemProvider$PersistedItem",
    "value": {
      "groupNames": [],
      "itemType": "Number:Temperature",
      "tags": [],
      "category": "Temperature"
    }
  },
  "Shellyht_room5_113_Battery": {
    "class": "org.eclipse.smarthome.core.items.ManagedItemProvider$PersistedItem",
    "value": {
      "groupNames": [],
      "itemType": "Number:Dimensionless",
      "tags": [],
      "category": "Battery"
    }
  },
  "Shellyht_room12_135_T": {
    "class": "org.eclipse.smarthome.core.items.ManagedItemProvider$PersistedItem",
    "value": {
      "groupNames": [],
      "itemType": "Number:Temperature",
      "tags": [],
      "category": "Temperature"
    }
  },
  "Shellyht_room15_145_H": {
    "class": "org.eclipse.smarthome.core.items.ManagedItemProvider$PersistedItem",
    "value": {
      "groupNames": [],
      "itemType": "Number:Dimensionless",
      "tags": [],
      "category": "Humidity"
    }
  },
  "Shellyht_room2_104_Battery": {
    "class": "org.eclipse.smarthome.core.items.ManagedItemProvider$PersistedItem",
    "value": {
      "groupNames": [],
      "itemType": "Number:Dimensionless",
      "tags": [],
      "category": "Battery"
    }
  },
  "Shellyht_room12_134_Battery": {
    "class": "org.eclipse.smarthome.core.items.ManagedItemProvider$PersistedItem",
    "value": {
      "groupNames": [],
      "itemType": "Number:Dimensionless",
      "tags": [],
      "category": "Battery"
    }
  },
  "Shellyht_room15_145_T": {
    "class": "org.eclipse.smarthome.core.items.ManagedItemProvider$PersistedItem",
    "value": {
      "groupNames": [],
      "itemType": "Number:Temperature",
      "tags": [],
      "category": "Temperature"
    }
  },
  "Shellyht_room6_116_Battery": {
    "class": "org.eclipse.smarthome.core.items.ManagedItemProvider$PersistedItem",
    "value": {
      "groupNames": [],
      "itemType": "Number:Dimensionless",
      "tags": [],
      "category": "Battery"
    }
  },
  "Shellyht_f930e1_102_T": {
    "class": "org.eclipse.smarthome.core.items.ManagedItemProvider$PersistedItem",
    "value": {
      "groupNames": [
        "notifications_active"
      ],
      "itemType": "Number:Temperature",
      "tags": [],
      "label": "Temperature",
      "category": "Temperature"
    }
  },
  "Basement": {
    "class": "org.eclipse.smarthome.core.items.ManagedItemProvider$PersistedItem",
    "value": {
      "groupNames": [
        "Home"
      ],
      "itemType": "Group",
      "tags": [
        "Basement"
      ],
      "label": "Basement",
      "category": "cellar"
    }
  },
  "Shellyht_room2_107_H": {
    "class": "org.eclipse.smarthome.core.items.ManagedItemProvider$PersistedItem",
    "value": {
      "groupNames": [],
      "itemType": "Number:Dimensionless",
      "tags": [],
      "category": "Humidity"
    }
  },
  "Shellyht_f930e1_102_H": {
    "class": "org.eclipse.smarthome.core.items.ManagedItemProvider$PersistedItem",
    "value": {
      "groupNames": [
        "notifications_active"
      ],
      "itemType": "Number:Dimensionless",
      "tags": [],
      "label": "Humidity",
      "category": "Humidity"
    }
  },
  "Shellyht_room9_127_Battery": {
    "class": "org.eclipse.smarthome.core.items.ManagedItemProvider$PersistedItem",
    "value": {
      "groupNames": [],
      "itemType": "Number:Dimensionless",
      "tags": [],
      "category": "Battery"
    }
  },
  "Shellyht_room12_134_H": {
    "class": "org.eclipse.smarthome.core.items.ManagedItemProvider$PersistedItem",
    "value": {
      "groupNames": [],
      "itemType": "Number:Dimensionless",
      "tags": [],
      "category": "Humidity"
    }
  },
  "Shellyht_room11_132_H": {
    "class": "org.eclipse.smarthome.core.items.ManagedItemProvider$PersistedItem",
    "value": {
      "groupNames": [],
      "itemType": "Number:Dimensionless",
      "tags": [],
      "category": "Humidity"
    }
  },
  "Shellyht_room8_123_Battery": {
    "class": "org.eclipse.smarthome.core.items.ManagedItemProvider$PersistedItem",
    "value": {
      "groupNames": [],
      "itemType": "Number:Dimensionless",
      "tags": [],
      "category": "Battery"
    }
  },
  "Shellyht_room2_107_T": {
    "class": "org.eclipse.smarthome.core.items.ManagedItemProvider$PersistedItem",
    "value": {
      "groupNames": [],
      "itemType": "Number:Temperature",
      "tags": [],
      "category": "Temperature"
    }
  },
  "Shellyht_room12_134_T": {
    "class": "org.eclipse.smarthome.core.items.ManagedItemProvider$PersistedItem",
    "value": {
      "groupNames": [],
      "itemType": "Number:Temperature",
      "tags": [],
      "category": "Temperature"
    }
  },
  "Shellyht_room11_132_T": {
    "class": "org.eclipse.smarthome.core.items.ManagedItemProvider$PersistedItem",
    "value": {
      "groupNames": [],
      "itemType": "Number:Temperature",
      "tags": [],
      "category": "Temperature"
    }
  },
  "Shellyht_room4_110_T": {
    "class": "org.eclipse.smarthome.core.items.ManagedItemProvider$PersistedItem",
    "value": {
      "groupNames": [],
      "itemType": "Number:Temperature",
      "tags": [],
      "category": "Temperature"
    }
  },
  "Shellyht_room10_128_H": {
    "class": "org.eclipse.smarthome.core.items.ManagedItemProvider$PersistedItem",
    "value": {
      "groupNames": [],
      "itemType": "Number:Dimensionless",
      "tags": [],
      "category": "Humidity"
    }
  },
  "Shellyht_room15_145_Battery": {
    "class": "org.eclipse.smarthome.core.items.ManagedItemProvider$PersistedItem",
    "value": {
      "groupNames": [],
      "itemType": "Number:Dimensionless",
      "tags": [],
      "category": "Battery"
    }
  },
  "Shellyht_room11_133_Battery": {
    "class": "org.eclipse.smarthome.core.items.ManagedItemProvider$PersistedItem",
    "value": {
      "groupNames": [],
      "itemType": "Number:Dimensionless",
      "tags": [],
      "category": "Battery"
    }
  },
  "Shellyht_room3_109_Battery": {
    "class": "org.eclipse.smarthome.core.items.ManagedItemProvider$PersistedItem",
    "value": {
      "groupNames": [],
      "itemType": "Number:Dimensionless",
      "tags": [],
      "category": "Battery"
    }
  },
  "Shellyht_room10_128_T": {
    "class": "org.eclipse.smarthome.core.items.ManagedItemProvider$PersistedItem",
    "value": {
      "groupNames": [],
      "itemType": "Number:Temperature",
      "tags": [],
      "category": "Temperature"
    }
  },
  "Shellyht_room6_117_Battery": {
    "class": "org.eclipse.smarthome.core.items.ManagedItemProvider$PersistedItem",
    "value": {
      "groupNames": [],
      "itemType": "Number:Dimensionless",
      "tags": [],
      "category": "Battery"
    }
  },
  "Shellyht_room2_105_Battery": {
    "class": "org.eclipse.smarthome.core.items.ManagedItemProvider$PersistedItem",
    "value": {
      "groupNames": [],
      "itemType": "Number:Dimensionless",
      "tags": [],
      "category": "Battery"
    }
  },
  "Shellyht_room3_108_T": {
    "class": "org.eclipse.smarthome.core.items.ManagedItemProvider$PersistedItem",
    "value": {
      "groupNames": [],
      "itemType": "Number:Temperature",
      "tags": [],
      "category": "Temperature"
    }
  },
  "Shellyht_room4_110_H": {
    "class": "org.eclipse.smarthome.core.items.ManagedItemProvider$PersistedItem",
    "value": {
      "groupNames": [],
      "itemType": "Number:Dimensionless",
      "tags": [],
      "category": "Humidity"
    }
  },
  "Shellyht_room3_108_H": {
    "class": "org.eclipse.smarthome.core.items.ManagedItemProvider$PersistedItem",
    "value": {
      "groupNames": [],
      "itemType": "Number:Dimensionless",
      "tags": [],
      "category": "Humidity"
    }
  },
  "FF": {
    "class": "org.eclipse.smarthome.core.items.ManagedItemProvider$PersistedItem",
    "value": {
      "groupNames": [
        "Home"
      ],
      "itemType": "Group",
      "tags": [
        "FirstFloor"
      ],
      "label": "First Floor",
      "category": "firstfloor"
    }
  },
  "Shellyht_room13_139_Battery": {
    "class": "org.eclipse.smarthome.core.items.ManagedItemProvider$PersistedItem",
    "value": {
      "groupNames": [],
      "itemType": "Number:Dimensionless",
      "tags": [],
      "category": "Battery"
    }
  },
  "Shellyht_room9_125_H": {
    "class": "org.eclipse.smarthome.core.items.ManagedItemProvider$PersistedItem",
    "value": {
      "groupNames": [],
      "itemType": "Number:Dimensionless",
      "tags": [],
      "category": "Humidity"
    }
  },
  "Shellyht_room2_106_H": {
    "class": "org.eclipse.smarthome.core.items.ManagedItemProvider$PersistedItem",
    "value": {
      "groupNames": [],
      "itemType": "Number:Dimensionless",
      "tags": [],
      "category": "Humidity"
    }
  },
  "Shellyht_room4_111_Battery": {
    "class": "org.eclipse.smarthome.core.items.ManagedItemProvider$PersistedItem",
    "value": {
      "groupNames": [],
      "itemType": "Number:Dimensionless",
      "tags": [],
      "category": "Battery"
    }
  },
  "Shellyht_room5_115_Battery": {
    "class": "org.eclipse.smarthome.core.items.ManagedItemProvider$PersistedItem",
    "value": {
      "groupNames": [],
      "itemType": "Number:Dimensionless",
      "tags": [],
      "category": "Battery"
    }
  },
  "Shellyht_room9_125_T": {
    "class": "org.eclipse.smarthome.core.items.ManagedItemProvider$PersistedItem",
    "value": {
      "groupNames": [],
      "itemType": "Number:Temperature",
      "tags": [],
      "category": "Temperature"
    }
  },
  "Shellyht_room10_128_Battery": {
    "class": "org.eclipse.smarthome.core.items.ManagedItemProvider$PersistedItem",
    "value": {
      "groupNames": [],
      "itemType": "Number:Dimensionless",
      "tags": [],
      "category": "Battery"
    }
  },
  "Home": {
    "class": "org.eclipse.smarthome.core.items.ManagedItemProvider$PersistedItem",
    "value": {
      "groupNames": [],
      "itemType": "Group",
      "tags": [
        "Building"
      ],
      "label": "Our Home",
      "category": "house"
    }
  },
  "Shellyht_room14_141_Battery": {
    "class": "org.eclipse.smarthome.core.items.ManagedItemProvider$PersistedItem",
    "value": {
      "groupNames": [],
      "itemType": "Number:Dimensionless",
      "tags": [],
      "category": "Battery"
    }
  },
  "Shellyht_room2_106_T": {
    "class": "org.eclipse.smarthome.core.items.ManagedItemProvider$PersistedItem",
    "value": {
      "groupNames": [],
      "itemType": "Number:Temperature",
      "tags": [],
      "category": "Temperature"
    }
  },
  "Shellyht_room11_133_T": {
    "class": "org.eclipse.smarthome.core.items.ManagedItemProvider$PersistedItem",
    "value": {
      "groupNames": [],
      "itemType": "Number:Temperature",
      "tags": [],
      "category": "Temperature"
    }
  },
  "Shellyht_room4_111_T": {
    "class": "org.eclipse.smarthome.core.items.ManagedItemProvider$PersistedItem",
    "value": {
      "groupNames": [],
      "itemType": "Number:Temperature",
      "tags": [],
      "category": "Temperature"
    }
  },
  "Shellyht_room11_133_H": {
    "class": "org.eclipse.smarthome.core.items.ManagedItemProvider$PersistedItem",
    "value": {
      "groupNames": [],
      "itemType": "Number:Dimensionless",
      "tags": [],
      "category": "Humidity"
    }
  },
  "Shellyht_room4_111_H": {
    "class": "org.eclipse.smarthome.core.items.ManagedItemProvider$PersistedItem",
    "value": {
      "groupNames": [],
      "itemType": "Number:Dimensionless",
      "tags": [],
      "category": "Humidity"
    }
  },
  "Shellyht_room9_126_H": {
    "class": "org.eclipse.smarthome.core.items.ManagedItemProvider$PersistedItem",
    "value": {
      "groupNames": [],
      "itemType": "Number:Dimensionless",
      "tags": [],
      "category": "Humidity"
    }
  },
  "Shellyht_room13_138_Battery": {
    "class": "org.eclipse.smarthome.core.items.ManagedItemProvider$PersistedItem",
    "value": {
      "groupNames": [],
      "itemType": "Number:Dimensionless",
      "tags": [],
      "category": "Battery"
    }
  },
  "lot_nr_room6": {
    "class": "org.eclipse.smarthome.core.items.ManagedItemProvider$PersistedItem",
    "value": {
      "groupNames": [
        "lot_nr"
      ],
      "itemType": "String",
      "tags": [],
      "label": "hiag"
    }
  },
  "lot_nr_room7": {
    "class": "org.eclipse.smarthome.core.items.ManagedItemProvider$PersistedItem",
    "value": {
      "groupNames": [
        "lot_nr"
      ],
      "itemType": "String",
      "tags": [],
      "label": "hiag"
    }
  },
  "lot_nr_room4": {
    "class": "org.eclipse.smarthome.core.items.ManagedItemProvider$PersistedItem",
    "value": {
      "groupNames": [
        "lot_nr"
      ],
      "itemType": "String",
      "tags": [],
      "label": "hiag"
    }
  },
  "lot_nr_timestamp": {
    "class": "org.eclipse.smarthome.core.items.ManagedItemProvider$PersistedItem",
    "value": {
      "groupNames": [],
      "itemType": "Group",
      "tags": [],
      "label": "hiag"
    }
  },
  "lot_nr_room5": {
    "class": "org.eclipse.smarthome.core.items.ManagedItemProvider$PersistedItem",
    "value": {
      "groupNames": [
        "lot_nr"
      ],
      "itemType": "String",
      "tags": [],
      "label": "hiag"
    }
  },
  "lot_nr_room2": {
    "class": "org.eclipse.smarthome.core.items.ManagedItemProvider$PersistedItem",
    "value": {
      "groupNames": [
        "lot_nr"
      ],
      "itemType": "String",
      "tags": [],
      "label": "hiag"
    }
  },
  "lot_nr_room3": {
    "class": "org.eclipse.smarthome.core.items.ManagedItemProvider$PersistedItem",
    "value": {
      "groupNames": [
        "lot_nr"
      ],
      "itemType": "String",
      "tags": [],
      "label": "hiag"
    }
  },
  "Shellyht_room9_126_T": {
    "class": "org.eclipse.smarthome.core.items.ManagedItemProvider$PersistedItem",
    "value": {
      "groupNames": [],
      "itemType": "Number:Temperature",
      "tags": [],
      "category": "Temperature"
    }
  },
  "lot_nr_room1": {
    "class": "org.eclipse.smarthome.core.items.ManagedItemProvider$PersistedItem",
    "value": {
      "groupNames": [
        "lot_nr"
      ],
      "itemType": "String",
      "tags": [],
      "label": "hiag"
    }
  },
  "lot_nr_room8": {
    "class": "org.eclipse.smarthome.core.items.ManagedItemProvider$PersistedItem",
    "value": {
      "groupNames": [
        "lot_nr"
      ],
      "itemType": "String",
      "tags": [],
      "label": "hiag"
    }
  },
  "lot_nr_room9": {
    "class": "org.eclipse.smarthome.core.items.ManagedItemProvider$PersistedItem",
    "value": {
      "groupNames": [
        "lot_nr"
      ],
      "itemType": "String",
      "tags": [],
      "label": "hiag"
    }
  },
  "Shellyht_room4_112_Battery": {
    "class": "org.eclipse.smarthome.core.items.ManagedItemProvider$PersistedItem",
    "value": {
      "groupNames": [],
      "itemType": "Number:Dimensionless",
      "tags": [],
      "category": "Battery"
    }
  },
  "Shellyht_room9_127_T": {
    "class": "org.eclipse.smarthome.core.items.ManagedItemProvider$PersistedItem",
    "value": {
      "groupNames": [],
      "itemType": "Number:Temperature",
      "tags": [],
      "category": "Temperature"
    }
  },
  "Shellyht_room12_135_Battery": {
    "class": "org.eclipse.smarthome.core.items.ManagedItemProvider$PersistedItem",
    "value": {
      "groupNames": [],
      "itemType": "Number:Dimensionless",
      "tags": [],
      "category": "Battery"
    }
  },
  "Shellyht_room8_124_T": {
    "class": "org.eclipse.smarthome.core.items.ManagedItemProvider$PersistedItem",
    "value": {
      "groupNames": [],
      "itemType": "Number:Temperature",
      "tags": [],
      "category": "Temperature"
    }
  },
  "Shellyht_room8_124_H": {
    "class": "org.eclipse.smarthome.core.items.ManagedItemProvider$PersistedItem",
    "value": {
      "groupNames": [],
      "itemType": "Number:Dimensionless",
      "tags": [],
      "category": "Humidity"
    }
  },
  "Shellyht_room7_119_T": {
    "class": "org.eclipse.smarthome.core.items.ManagedItemProvider$PersistedItem",
    "value": {
      "groupNames": [],
      "itemType": "Number:Temperature",
      "tags": [],
      "category": "Temperature"
    }
  },
  "Shellyht_room9_127_H": {
    "class": "org.eclipse.smarthome.core.items.ManagedItemProvider$PersistedItem",
    "value": {
      "groupNames": [],
      "itemType": "Number:Dimensionless",
      "tags": [],
      "category": "Humidity"
    }
  },
  "Shellyht101_H": {
    "class": "org.eclipse.smarthome.core.items.ManagedItemProvider$PersistedItem",
    "value": {
      "groupNames": [],
      "itemType": "Number:Dimensionless",
      "tags": [],
      "category": "Humidity"
    }
  },
  "Shellyht_room10_130_T": {
    "class": "org.eclipse.smarthome.core.items.ManagedItemProvider$PersistedItem",
    "value": {
      "groupNames": [],
      "itemType": "Number:Temperature",
      "tags": [],
      "category": "Temperature"
    }
  },
  "Shellyht_room8_124_Battery": {
    "class": "org.eclipse.smarthome.core.items.ManagedItemProvider$PersistedItem",
    "value": {
      "groupNames": [],
      "itemType": "Number:Dimensionless",
      "tags": [],
      "category": "Battery"
    }
  },
  "Shellyht_room11_131_H": {
    "class": "org.eclipse.smarthome.core.items.ManagedItemProvider$PersistedItem",
    "value": {
      "groupNames": [],
      "itemType": "Number:Dimensionless",
      "tags": [],
      "category": "Humidity"
    }
  },
  "Shellyht101_T": {
    "class": "org.eclipse.smarthome.core.items.ManagedItemProvider$PersistedItem",
    "value": {
      "groupNames": [],
      "itemType": "Number:Temperature",
      "tags": [],
      "category": "Temperature"
    }
  },
  "Shellyht_room10_130_Battery": {
    "class": "org.eclipse.smarthome.core.items.ManagedItemProvider$PersistedItem",
    "value": {
      "groupNames": [],
      "itemType": "Number:Dimensionless",
      "tags": [],
      "category": "Battery"
    }
  },
  "Shellyht_room3_108_Battery": {
    "class": "org.eclipse.smarthome.core.items.ManagedItemProvider$PersistedItem",
    "value": {
      "groupNames": [],
      "itemType": "Number:Dimensionless",
      "tags": [],
      "category": "Battery"
    }
  },
  "Shellyht_room11_131_T": {
    "class": "org.eclipse.smarthome.core.items.ManagedItemProvider$PersistedItem",
    "value": {
      "groupNames": [],
      "itemType": "Number:Temperature",
      "tags": [],
      "category": "Temperature"
    }
  },
  "Shellyht_room6_118_T": {
    "class": "org.eclipse.smarthome.core.items.ManagedItemProvider$PersistedItem",
    "value": {
      "groupNames": [],
      "itemType": "Number:Temperature",
      "tags": [],
      "category": "Temperature"
    }
  },
  "Shellyht_room8_123_H": {
    "class": "org.eclipse.smarthome.core.items.ManagedItemProvider$PersistedItem",
    "value": {
      "groupNames": [],
      "itemType": "Number:Dimensionless",
      "tags": [],
      "category": "Humidity"
    }
  },
  "Shellyht_room7_121_Battery": {
    "class": "org.eclipse.smarthome.core.items.ManagedItemProvider$PersistedItem",
    "value": {
      "groupNames": [],
      "itemType": "Number:Dimensionless",
      "tags": [],
      "category": "Battery"
    }
  },
  "Shellyht_room6_118_H": {
    "class": "org.eclipse.smarthome.core.items.ManagedItemProvider$PersistedItem",
    "value": {
      "groupNames": [],
      "itemType": "Number:Dimensionless",
      "tags": [],
      "category": "Humidity"
    }
  },
  "Shellyht_room8_123_T": {
    "class": "org.eclipse.smarthome.core.items.ManagedItemProvider$PersistedItem",
    "value": {
      "groupNames": [],
      "itemType": "Number:Temperature",
      "tags": [],
      "category": "Temperature"
    }
  },
  "Shellyht_room7_119_H": {
    "class": "org.eclipse.smarthome.core.items.ManagedItemProvider$PersistedItem",
    "value": {
      "groupNames": [],
      "itemType": "Number:Dimensionless",
      "tags": [],
      "category": "Humidity"
    }
  },
  "Shellyht_room3_109_T": {
    "class": "org.eclipse.smarthome.core.items.ManagedItemProvider$PersistedItem",
    "value": {
      "groupNames": [],
      "itemType": "Number:Temperature",
      "tags": [],
      "category": "Temperature"
    }
  },
  "Shellyht_room14_140_T": {
    "class": "org.eclipse.smarthome.core.items.ManagedItemProvider$PersistedItem",
    "value": {
      "groupNames": [],
      "itemType": "Number:Temperature",
      "tags": [],
      "category": "Temperature"
    }
  },
  "Shellyht_room10_130_H": {
    "class": "org.eclipse.smarthome.core.items.ManagedItemProvider$PersistedItem",
    "value": {
      "groupNames": [],
      "itemType": "Number:Dimensionless",
      "tags": [],
      "category": "Humidity"
    }
  },
  "Shellyht_room3_109_H": {
    "class": "org.eclipse.smarthome.core.items.ManagedItemProvider$PersistedItem",
    "value": {
      "groupNames": [],
      "itemType": "Number:Dimensionless",
      "tags": [],
      "category": "Humidity"
    }
  },
  "lot_nr_room10": {
    "class": "org.eclipse.smarthome.core.items.ManagedItemProvider$PersistedItem",
    "value": {
      "groupNames": [
        "lot_nr"
      ],
      "itemType": "String",
      "tags": [],
      "label": "hiag"
    }
  },
  "Shellyht_room14_140_H": {
    "class": "org.eclipse.smarthome.core.items.ManagedItemProvider$PersistedItem",
    "value": {
      "groupNames": [],
      "itemType": "Number:Dimensionless",
      "tags": [],
      "category": "Humidity"
    }
  },
  "Shellyht_F93b61_100_H": {
    "class": "org.eclipse.smarthome.core.items.ManagedItemProvider$PersistedItem",
    "value": {
      "groupNames": [
        "notifications_active"
      ],
      "itemType": "Number:Dimensionless",
      "tags": [],
      "label": "Humidity",
      "category": "Humidity"
    }
  },
  "Shellyht_room5_115_T": {
    "class": "org.eclipse.smarthome.core.items.ManagedItemProvider$PersistedItem",
    "value": {
      "groupNames": [],
      "itemType": "Number:Temperature",
      "tags": [],
      "category": "Temperature"
    }
  },
  "Shellyht_room5_114_Battery": {
    "class": "org.eclipse.smarthome.core.items.ManagedItemProvider$PersistedItem",
    "value": {
      "groupNames": [],
      "itemType": "Number:Dimensionless",
      "tags": [],
      "category": "Battery"
    }
  },
  "lot_nr_room15": {
    "class": "org.eclipse.smarthome.core.items.ManagedItemProvider$PersistedItem",
    "value": {
      "groupNames": [
        "lot_nr"
      ],
      "itemType": "String",
      "tags": [],
      "label": "hiag"
    }
  },
  "Shellyht_room7_121_H": {
    "class": "org.eclipse.smarthome.core.items.ManagedItemProvider$PersistedItem",
    "value": {
      "groupNames": [],
      "itemType": "Number:Dimensionless",
      "tags": [],
      "category": "Humidity"
    }
  },
  "Shellyht_room1_102_T": {
    "class": "org.eclipse.smarthome.core.items.ManagedItemProvider$PersistedItem",
    "value": {
      "groupNames": [],
      "itemType": "Number:Temperature",
      "tags": [],
      "category": "Temperature"
    }
  },
  "lot_nr_room12": {
    "class": "org.eclipse.smarthome.core.items.ManagedItemProvider$PersistedItem",
    "value": {
      "groupNames": [
        "lot_nr"
      ],
      "itemType": "String",
      "tags": [],
      "label": "hiag"
    }
  },
  "lot_nr_room11": {
    "class": "org.eclipse.smarthome.core.items.ManagedItemProvider$PersistedItem",
    "value": {
      "groupNames": [
        "lot_nr"
      ],
      "itemType": "String",
      "tags": [],
      "label": "hiag"
    }
  },
  "lot_nr_room14": {
    "class": "org.eclipse.smarthome.core.items.ManagedItemProvider$PersistedItem",
    "value": {
      "groupNames": [
        "lot_nr"
      ],
      "itemType": "String",
      "tags": [],
      "label": "hiag"
    }
  },
  "Shellyht_F93b61_100_T": {
    "class": "org.eclipse.smarthome.core.items.ManagedItemProvider$PersistedItem",
    "value": {
      "groupNames": [
        "notifications_active"
      ],
      "itemType": "Number:Temperature",
      "tags": [],
      "label": "Temperature",
      "category": "Temperature"
    }
  },
  "lot_nr_room13": {
    "class": "org.eclipse.smarthome.core.items.ManagedItemProvider$PersistedItem",
    "value": {
      "groupNames": [
        "lot_nr"
      ],
      "itemType": "String",
      "tags": [],
      "label": "hiag"
    }
  },
  "Shellyht_F93c0b_101_T": {
    "class": "org.eclipse.smarthome.core.items.ManagedItemProvider$PersistedItem",
    "value": {
      "groupNames": [],
      "itemType": "Number:Temperature",
      "tags": [],
      "label": "Temperature",
      "category": "Temperature"
    }
  },
  "Shellyht_room1_102_H": {
    "class": "org.eclipse.smarthome.core.items.ManagedItemProvider$PersistedItem",
    "value": {
      "groupNames": [],
      "itemType": "Number:Dimensionless",
      "tags": [],
      "category": "Humidity"
    }
  },
  "Shellyht_room5_115_H": {
    "class": "org.eclipse.smarthome.core.items.ManagedItemProvider$PersistedItem",
    "value": {
      "groupNames": [],
      "itemType": "Number:Dimensionless",
      "tags": [],
      "category": "Humidity"
    }
  },
  "Shellyht_room14_142_Battery": {
    "class": "org.eclipse.smarthome.core.items.ManagedItemProvider$PersistedItem",
    "value": {
      "groupNames": [],
      "itemType": "Number:Dimensionless",
      "tags": [],
      "category": "Battery"
    }
  },
  "Shellyht_room7_121_T": {
    "class": "org.eclipse.smarthome.core.items.ManagedItemProvider$PersistedItem",
    "value": {
      "groupNames": [],
      "itemType": "Number:Temperature",
      "tags": [],
      "category": "Temperature"
    }
  },
  "lot_nr_timestamp_room9": {
    "class": "org.eclipse.smarthome.core.items.ManagedItemProvider$PersistedItem",
    "value": {
      "groupNames": [
        "lot_nr_timestamp"
      ],
      "itemType": "String",
      "tags": [],
      "label": "hiag"
    }
  },
  "Shellyht_room6_117_T": {
    "class": "org.eclipse.smarthome.core.items.ManagedItemProvider$PersistedItem",
    "value": {
      "groupNames": [],
      "itemType": "Number:Temperature",
      "tags": [],
      "category": "Temperature"
    }
  },
  "Shellyht_room7_120_Battery": {
    "class": "org.eclipse.smarthome.core.items.ManagedItemProvider$PersistedItem",
    "value": {
      "groupNames": [],
      "itemType": "Number:Dimensionless",
      "tags": [],
      "category": "Battery"
    }
  },
  "Shellyht_room13_139_T": {
    "class": "org.eclipse.smarthome.core.items.ManagedItemProvider$PersistedItem",
    "value": {
      "groupNames": [],
      "itemType": "Number:Temperature",
      "tags": [],
      "category": "Temperature"
    }
  },
  "Shellyht_room8_122_H": {
    "class": "org.eclipse.smarthome.core.items.ManagedItemProvider$PersistedItem",
    "value": {
      "groupNames": [],
      "itemType": "Number:Dimensionless",
      "tags": [],
      "category": "Humidity"
    }
  },
  "lot_nr_timestamp_room1": {
    "class": "org.eclipse.smarthome.core.items.ManagedItemProvider$PersistedItem",
    "value": {
      "groupNames": [
        "lot_nr_timestamp"
      ],
      "itemType": "String",
      "tags": [],
      "label": "hiag"
    }
  },
  "lot_nr_timestamp_room2": {
    "class": "org.eclipse.smarthome.core.items.ManagedItemProvider$PersistedItem",
    "value": {
      "groupNames": [
        "lot_nr_timestamp"
      ],
      "itemType": "String",
      "tags": [],
      "label": "hiag"
    }
  },
  "Shellyht_room2_104_h": {
    "class": "org.eclipse.smarthome.core.items.ManagedItemProvider$PersistedItem",
    "value": {
      "groupNames": [],
      "itemType": "Number:Dimensionless",
      "tags": [],
      "category": "Humidity"
    }
  },
  "lot_nr_timestamp_room3": {
    "class": "org.eclipse.smarthome.core.items.ManagedItemProvider$PersistedItem",
    "value": {
      "groupNames": [
        "lot_nr_timestamp"
      ],
      "itemType": "String",
      "tags": [],
      "label": "hiag"
    }
  },
  "lot_nr_timestamp_room4": {
    "class": "org.eclipse.smarthome.core.items.ManagedItemProvider$PersistedItem",
    "value": {
      "groupNames": [
        "lot_nr_timestamp"
      ],
      "itemType": "String",
      "tags": [],
      "label": "hiag"
    }
  },
  "shellyht_room1_103_Battery": {
    "class": "org.eclipse.smarthome.core.items.ManagedItemProvider$PersistedItem",
    "value": {
      "groupNames": [],
      "itemType": "Number:Dimensionless",
      "tags": [],
      "category": "Battery"
    }
  },
  "lot_nr_timestamp_room5": {
    "class": "org.eclipse.smarthome.core.items.ManagedItemProvider$PersistedItem",
    "value": {
      "groupNames": [
        "lot_nr_timestamp"
      ],
      "itemType": "String",
      "tags": [],
      "label": "hiag"
    }
  },
  "Shellyht_room6_117_H": {
    "class": "org.eclipse.smarthome.core.items.ManagedItemProvider$PersistedItem",
    "value": {
      "groupNames": [],
      "itemType": "Number:Dimensionless",
      "tags": [],
      "category": "Humidity"
    }
  },
  "lot_nr_timestamp_room6": {
    "class": "org.eclipse.smarthome.core.items.ManagedItemProvider$PersistedItem",
    "value": {
      "groupNames": [
        "lot_nr_timestamp"
      ],
      "itemType": "String",
      "tags": [],
      "label": "hiag"
    }
  },
  "lot_nr_timestamp_room7": {
    "class": "org.eclipse.smarthome.core.items.ManagedItemProvider$PersistedItem",
    "value": {
      "groupNames": [
        "lot_nr_timestamp"
      ],
      "itemType": "String",
      "tags": [],
      "label": "hiag"
    }
  },
  "lot_nr_timestamp_room8": {
    "class": "org.eclipse.smarthome.core.items.ManagedItemProvider$PersistedItem",
    "value": {
      "groupNames": [
        "lot_nr_timestamp"
      ],
      "itemType": "String",
      "tags": [],
      "label": "hiag"
    }
  },
  "Shellyht_room4_110_Battery": {
    "class": "org.eclipse.smarthome.core.items.ManagedItemProvider$PersistedItem",
    "value": {
      "groupNames": [],
      "itemType": "Number:Dimensionless",
      "tags": [],
      "category": "Battery"
    }
  },
  "Shellyht_room8_122_T": {
    "class": "org.eclipse.smarthome.core.items.ManagedItemProvider$PersistedItem",
    "value": {
      "groupNames": [],
      "itemType": "Number:Temperature",
      "tags": [],
      "category": "Temperature"
    }
  },
  "Shellyht_room14_141_T": {
    "class": "org.eclipse.smarthome.core.items.ManagedItemProvider$PersistedItem",
    "value": {
      "groupNames": [],
      "itemType": "Number:Temperature",
      "tags": [],
      "category": "Temperature"
    }
  },
  "Shellyht_room14_141_H": {
    "class": "org.eclipse.smarthome.core.items.ManagedItemProvider$PersistedItem",
    "value": {
      "groupNames": [],
      "itemType": "Number:Dimensionless",
      "tags": [],
      "category": "Humidity"
    }
  },
  "Shellyht_room13_139_H": {
    "class": "org.eclipse.smarthome.core.items.ManagedItemProvider$PersistedItem",
    "value": {
      "groupNames": [],
      "itemType": "Number:Dimensionless",
      "tags": [],
      "category": "Humidity"
    }
  },
  "lot_nr_new_room7": {
    "class": "org.eclipse.smarthome.core.items.ManagedItemProvider$PersistedItem",
    "value": {
      "groupNames": [],
      "itemType": "String",
      "tags": [],
      "label": "hiag"
    }
  },
  "lot_nr_new_room12": {
    "class": "org.eclipse.smarthome.core.items.ManagedItemProvider$PersistedItem",
    "value": {
      "groupNames": [],
      "itemType": "String",
      "tags": [],
      "label": "hiag"
    }
  },
  "lot_nr_new_room8": {
    "class": "org.eclipse.smarthome.core.items.ManagedItemProvider$PersistedItem",
    "value": {
      "groupNames": [],
      "itemType": "String",
      "tags": [],
      "label": "hiag"
    }
  },
  "lot_nr_new_room13": {
    "class": "org.eclipse.smarthome.core.items.ManagedItemProvider$PersistedItem",
    "value": {
      "groupNames": [],
      "itemType": "String",
      "tags": [],
      "label": "hiag"
    }
  },
  "lot_nr_new_room9": {
    "class": "org.eclipse.smarthome.core.items.ManagedItemProvider$PersistedItem",
    "value": {
      "groupNames": [],
      "itemType": "String",
      "tags": [],
      "label": "hiag"
    }
  },
  "lot_nr_new_room14": {
    "class": "org.eclipse.smarthome.core.items.ManagedItemProvider$PersistedItem",
    "value": {
      "groupNames": [],
      "itemType": "String",
      "tags": [],
      "label": "hiag"
    }
  },
  "lot_nr_new_room15": {
    "class": "org.eclipse.smarthome.core.items.ManagedItemProvider$PersistedItem",
    "value": {
      "groupNames": [],
      "itemType": "String",
      "tags": [],
      "label": "hiag"
    }
  },
  "lot_nr_new_room10": {
    "class": "org.eclipse.smarthome.core.items.ManagedItemProvider$PersistedItem",
    "value": {
      "groupNames": [],
      "itemType": "String",
      "tags": [],
      "label": "hiag"
    }
  },
  "Shellyht_room9_126_Battery": {
    "class": "org.eclipse.smarthome.core.items.ManagedItemProvider$PersistedItem",
    "value": {
      "groupNames": [],
      "itemType": "Number:Dimensionless",
      "tags": [],
      "category": "Battery"
    }
  },
  "lot_nr_new_room11": {
    "class": "org.eclipse.smarthome.core.items.ManagedItemProvider$PersistedItem",
    "value": {
      "groupNames": [],
      "itemType": "String",
      "tags": [],
      "label": "hiag"
    }
  },
  "Shellyht_room7_120_H": {
    "class": "org.eclipse.smarthome.core.items.ManagedItemProvider$PersistedItem",
    "value": {
      "groupNames": [],
      "itemType": "Number:Dimensionless",
      "tags": [],
      "category": "Humidity"
    }
  },
  "Shellyht_room7_120_T": {
    "class": "org.eclipse.smarthome.core.items.ManagedItemProvider$PersistedItem",
    "value": {
      "groupNames": [],
      "itemType": "Number:Temperature",
      "tags": [],
      "category": "Temperature"
    }
  },
  "Shellyht_room1_101_H": {
    "class": "org.eclipse.smarthome.core.items.ManagedItemProvider$PersistedItem",
    "value": {
      "groupNames": [
        "notifications_active"
      ],
      "itemType": "Number",
      "tags": [],
      "category": "Humidity"
    }
  },
  "lot_nr_new_room3": {
    "class": "org.eclipse.smarthome.core.items.ManagedItemProvider$PersistedItem",
    "value": {
      "groupNames": [],
      "itemType": "String",
      "tags": [],
      "label": "hiag"
    }
  },
  "lot_nr_new_room4": {
    "class": "org.eclipse.smarthome.core.items.ManagedItemProvider$PersistedItem",
    "value": {
      "groupNames": [],
      "itemType": "String",
      "tags": [],
      "label": "hiag"
    }
  },
  "lot_nr_new_room5": {
    "class": "org.eclipse.smarthome.core.items.ManagedItemProvider$PersistedItem",
    "value": {
      "groupNames": [],
      "itemType": "String",
      "tags": [],
      "label": "hiag"
    }
  },
  "lot_nr_new_room6": {
    "class": "org.eclipse.smarthome.core.items.ManagedItemProvider$PersistedItem",
    "value": {
      "groupNames": [],
      "itemType": "String",
      "tags": [],
      "label": "hiag"
    }
  },
  "Shellyht_room1_102_Battery": {
    "class": "org.eclipse.smarthome.core.items.ManagedItemProvider$PersistedItem",
    "value": {
      "groupNames": [],
      "itemType": "Number:Dimensionless",
      "tags": [],
      "category": "Battery"
    }
  },
  "lot_nr_new_room1": {
    "class": "org.eclipse.smarthome.core.items.ManagedItemProvider$PersistedItem",
    "value": {
      "groupNames": [],
      "itemType": "String",
      "tags": [],
      "label": "hiag"
    }
  },
  "lot_nr_new_room2": {
    "class": "org.eclipse.smarthome.core.items.ManagedItemProvider$PersistedItem",
    "value": {
      "groupNames": [],
      "itemType": "String",
      "tags": [],
      "label": "hiag"
    }
  },
  "Shellyht_room15_143_H": {
    "class": "org.eclipse.smarthome.core.items.ManagedItemProvider$PersistedItem",
    "value": {
      "groupNames": [],
      "itemType": "Number:Dimensionless",
      "tags": [],
      "category": "Humidity"
    }
  },
  "Shellyht_room15_144_Battery": {
    "class": "org.eclipse.smarthome.core.items.ManagedItemProvider$PersistedItem",
    "value": {
      "groupNames": [],
      "itemType": "Number:Dimensionless",
      "tags": [],
      "category": "Battery"
    }
  },
  "Shellyht_room6_116_T": {
    "class": "org.eclipse.smarthome.core.items.ManagedItemProvider$PersistedItem",
    "value": {
      "groupNames": [],
      "itemType": "Number:Temperature",
      "tags": [],
      "category": "Temperature"
    }
  },
  "Shellyht_room13_138_T": {
    "class": "org.eclipse.smarthome.core.items.ManagedItemProvider$PersistedItem",
    "value": {
      "groupNames": [],
      "itemType": "Number:Temperature",
      "tags": [],
      "category": "Temperature"
    }
  },
  "Shellyht_F93c0b_101_H": {
    "class": "org.eclipse.smarthome.core.items.ManagedItemProvider$PersistedItem",
    "value": {
      "groupNames": [
        "notifications_active"
      ],
      "itemType": "Number:Dimensionless",
      "tags": [],
      "label": "Humidity",
      "category": "Humidity"
    }
  },
  "Shellyht_room15_143_T": {
    "class": "org.eclipse.smarthome.core.items.ManagedItemProvider$PersistedItem",
    "value": {
      "groupNames": [],
      "itemType": "Number:Temperature",
      "tags": [],
      "category": "Temperature"
    }
  },
  "Shellyht_room11_132_Battery": {
    "class": "org.eclipse.smarthome.core.items.ManagedItemProvider$PersistedItem",
    "value": {
      "groupNames": [],
      "itemType": "Number:Dimensionless",
      "tags": [],
      "category": "Battery"
    }
  },
  "lot_nr": {
    "class": "org.eclipse.smarthome.core.items.ManagedItemProvider$PersistedItem",
    "value": {
      "groupNames": [],
      "itemType": "Group",
      "tags": [],
      "label": "hiag"
    }
  },
  "Shellyht_room6_116_H": {
    "class": "org.eclipse.smarthome.core.items.ManagedItemProvider$PersistedItem",
    "value": {
      "groupNames": [],
      "itemType": "Number:Dimensionless",
      "tags": [],
      "category": "Humidity"
    }
  },
  "Shellyht_room14_142_T": {
    "class": "org.eclipse.smarthome.core.items.ManagedItemProvider$PersistedItem",
    "value": {
      "groupNames": [],
      "itemType": "Number:Temperature",
      "tags": [],
      "category": "Temperature"
    }
  },
  "Shellyht_room6_118_Battery": {
    "class": "org.eclipse.smarthome.core.items.ManagedItemProvider$PersistedItem",
    "value": {
      "groupNames": [],
      "itemType": "Number:Dimensionless",
      "tags": [],
      "category": "Battery"
    }
  },
  "Shellyht_room13_138_H": {
    "class": "org.eclipse.smarthome.core.items.ManagedItemProvider$PersistedItem",
    "value": {
      "groupNames": [],
      "itemType": "Number:Dimensionless",
      "tags": [],
      "category": "Humidity"
    }
  },
  "Shellyht_room12_136_Battery": {
    "class": "org.eclipse.smarthome.core.items.ManagedItemProvider$PersistedItem",
    "value": {
      "groupNames": [],
      "itemType": "Number:Dimensionless",
      "tags": [],
      "category": "Battery"
    }
  },
  "Shellyht_room2_106_Battery": {
    "class": "org.eclipse.smarthome.core.items.ManagedItemProvider$PersistedItem",
    "value": {
      "groupNames": [],
      "itemType": "Number:Dimensionless",
      "tags": [],
      "category": "Battery"
    }
  },
  "Shellyht_room1_102_Signal": {
    "class": "org.eclipse.smarthome.core.items.ManagedItemProvider$PersistedItem",
    "value": {
      "groupNames": [],
      "itemType": "Number",
      "tags": [],
      "label": "Signal Strength",
      "category": "QualityOfService"
    }
  },
  "Shellyht_room14_142_H": {
    "class": "org.eclipse.smarthome.core.items.ManagedItemProvider$PersistedItem",
    "value": {
      "groupNames": [],
      "itemType": "Number:Dimensionless",
      "tags": [],
      "category": "Humidity"
    }
  }
}