{
  "autoupdate:Shellyht_room8_123_T": {
    "class": "org.eclipse.smarthome.core.items.Metadata",
    "value": {
      "key": {
        "segments": [
          "autoupdate",
          "Shellyht_room8_123_T"
        ]
      },
      "value": "true",
      "configuration": {}
    }
  },
  "autoupdate:Shellyht_room14_142_T": {
    "class": "org.eclipse.smarthome.core.items.Metadata",
    "value": {
      "key": {
        "segments": [
          "autoupdate",
          "Shellyht_room14_142_T"
        ]
      },
      "value": "true",
      "configuration": {}
    }
  },
  "autoupdate:Shellyht_room1_102_H": {
    "class": "org.eclipse.smarthome.core.items.Metadata",
    "value": {
      "key": {
        "segments": [
          "autoupdate",
          "Shellyht_room1_102_H"
        ]
      },
      "value": "true",
      "configuration": {}
    }
  },
  "autoupdate:Shellyht_room8_123_H": {
    "class": "org.eclipse.smarthome.core.items.Metadata",
    "value": {
      "key": {
        "segments": [
          "autoupdate",
          "Shellyht_room8_123_H"
        ]
      },
      "value": "true",
      "configuration": {}
    }
  },
  "autoupdate:Shellyht_room4_110_T": {
    "class": "org.eclipse.smarthome.core.items.Metadata",
    "value": {
      "key": {
        "segments": [
          "autoupdate",
          "Shellyht_room4_110_T"
        ]
      },
      "value": "true",
      "configuration": {}
    }
  },
  "autoupdate:Shellyht_room6_117_T": {
    "class": "org.eclipse.smarthome.core.items.Metadata",
    "value": {
      "key": {
        "segments": [
          "autoupdate",
          "Shellyht_room6_117_T"
        ]
      },
      "value": "true",
      "configuration": {}
    }
  },
  "autoupdate:Shellyht_room13_137_H": {
    "class": "org.eclipse.smarthome.core.items.Metadata",
    "value": {
      "key": {
        "segments": [
          "autoupdate",
          "Shellyht_room13_137_H"
        ]
      },
      "value": "true",
      "configuration": {}
    }
  },
  "autoupdate:Shellyht_room3_109_H": {
    "class": "org.eclipse.smarthome.core.items.Metadata",
    "value": {
      "key": {
        "segments": [
          "autoupdate",
          "Shellyht_room3_109_H"
        ]
      },
      "value": "true",
      "configuration": {}
    }
  },
  "autoupdate:Shellyht_room4_110_H": {
    "class": "org.eclipse.smarthome.core.items.Metadata",
    "value": {
      "key": {
        "segments": [
          "autoupdate",
          "Shellyht_room4_110_H"
        ]
      },
      "value": "true",
      "configuration": {}
    }
  },
  "autoupdate:Shellyht_room5_115_H": {
    "class": "org.eclipse.smarthome.core.items.Metadata",
    "value": {
      "key": {
        "segments": [
          "autoupdate",
          "Shellyht_room5_115_H"
        ]
      },
      "value": "true",
      "configuration": {}
    }
  },
  "autoupdate:Shellyht_room13_137_T": {
    "class": "org.eclipse.smarthome.core.items.Metadata",
    "value": {
      "key": {
        "segments": [
          "autoupdate",
          "Shellyht_room13_137_T"
        ]
      },
      "value": "true",
      "configuration": {}
    }
  },
  "autoupdate:Shellyht_room1_102_T": {
    "class": "org.eclipse.smarthome.core.items.Metadata",
    "value": {
      "key": {
        "segments": [
          "autoupdate",
          "Shellyht_room1_102_T"
        ]
      },
      "value": "true",
      "configuration": {}
    }
  },
  "autoupdate:Shellyht_room5_115_T": {
    "class": "org.eclipse.smarthome.core.items.Metadata",
    "value": {
      "key": {
        "segments": [
          "autoupdate",
          "Shellyht_room5_115_T"
        ]
      },
      "value": "true",
      "configuration": {}
    }
  },
  "autoupdate:Shellyht_room2_104_h": {
    "class": "org.eclipse.smarthome.core.items.Metadata",
    "value": {
      "key": {
        "segments": [
          "autoupdate",
          "Shellyht_room2_104_h"
        ]
      },
      "value": "true",
      "configuration": {}
    }
  },
  "autoupdate:Shellyht_room9_125_T": {
    "class": "org.eclipse.smarthome.core.items.Metadata",
    "value": {
      "key": {
        "segments": [
          "autoupdate",
          "Shellyht_room9_125_T"
        ]
      },
      "value": "true",
      "configuration": {}
    }
  },
  "autoupdate:shellyht_room1_101_Battery": {
    "class": "org.eclipse.smarthome.core.items.Metadata",
    "value": {
      "key": {
        "segments": [
          "autoupdate",
          "shellyht_room1_101_Battery"
        ]
      },
      "value": "true",
      "configuration": {}
    }
  },
  "autoupdate:Shellyht_room2_107_H": {
    "class": "org.eclipse.smarthome.core.items.Metadata",
    "value": {
      "key": {
        "segments": [
          "autoupdate",
          "Shellyht_room2_107_H"
        ]
      },
      "value": "true",
      "configuration": {}
    }
  },
  "autoupdate:Shellyht_room12_135_H": {
    "class": "org.eclipse.smarthome.core.items.Metadata",
    "value": {
      "key": {
        "segments": [
          "autoupdate",
          "Shellyht_room12_135_H"
        ]
      },
      "value": "true",
      "configuration": {}
    }
  },
  "autoupdate:Shellyht_room7_121_T": {
    "class": "org.eclipse.smarthome.core.items.Metadata",
    "value": {
      "key": {
        "segments": [
          "autoupdate",
          "Shellyht_room7_121_T"
        ]
      },
      "value": "true",
      "configuration": {}
    }
  },
  "autoupdate:Shellyht_room2_107_T": {
    "class": "org.eclipse.smarthome.core.items.Metadata",
    "value": {
      "key": {
        "segments": [
          "autoupdate",
          "Shellyht_room2_107_T"
        ]
      },
      "value": "true",
      "configuration": {}
    }
  },
  "autoupdate:Shellyht101_T": {
    "class": "org.eclipse.smarthome.core.items.Metadata",
    "value": {
      "key": {
        "segments": [
          "autoupdate",
          "Shellyht101_T"
        ]
      },
      "value": "true",
      "configuration": {}
    }
  },
  "autoupdate:Shellyht_room12_135_T": {
    "class": "org.eclipse.smarthome.core.items.Metadata",
    "value": {
      "key": {
        "segments": [
          "autoupdate",
          "Shellyht_room12_135_T"
        ]
      },
      "value": "true",
      "configuration": {}
    }
  },
  "autoupdate:Shellyht_room14_141_H": {
    "class": "org.eclipse.smarthome.core.items.Metadata",
    "value": {
      "key": {
        "segments": [
          "autoupdate",
          "Shellyht_room14_141_H"
        ]
      },
      "value": "true",
      "configuration": {}
    }
  },
  "autoupdate:Shellyht_room15_144_H": {
    "class": "org.eclipse.smarthome.core.items.Metadata",
    "value": {
      "key": {
        "segments": [
          "autoupdate",
          "Shellyht_room15_144_H"
        ]
      },
      "value": "true",
      "configuration": {}
    }
  },
  "autoupdate:Shellyht_room6_117_H": {
    "class": "org.eclipse.smarthome.core.items.Metadata",
    "value": {
      "key": {
        "segments": [
          "autoupdate",
          "Shellyht_room6_117_H"
        ]
      },
      "value": "true",
      "configuration": {}
    }
  },
  "autoupdate:Shellyht101_H": {
    "class": "org.eclipse.smarthome.core.items.Metadata",
    "value": {
      "key": {
        "segments": [
          "autoupdate",
          "Shellyht101_H"
        ]
      },
      "value": "true",
      "configuration": {}
    }
  },
  "autoupdate:Shellyht_room15_144_T": {
    "class": "org.eclipse.smarthome.core.items.Metadata",
    "value": {
      "key": {
        "segments": [
          "autoupdate",
          "Shellyht_room15_144_T"
        ]
      },
      "value": "true",
      "configuration": {}
    }
  },
  "autoupdate:Shellyht_room7_121_H": {
    "class": "org.eclipse.smarthome.core.items.Metadata",
    "value": {
      "key": {
        "segments": [
          "autoupdate",
          "Shellyht_room7_121_H"
        ]
      },
      "value": "true",
      "configuration": {}
    }
  },
  "autoupdate:Shellyht_room11_133_H": {
    "class": "org.eclipse.smarthome.core.items.Metadata",
    "value": {
      "key": {
        "segments": [
          "autoupdate",
          "Shellyht_room11_133_H"
        ]
      },
      "value": "true",
      "configuration": {}
    }
  },
  "autoupdate:Shellyht_room1_101_H": {
    "class": "org.eclipse.smarthome.core.items.Metadata",
    "value": {
      "key": {
        "segments": [
          "autoupdate",
          "Shellyht_room1_101_H"
        ]
      },
      "value": "true",
      "configuration": {}
    }
  },
  "autoupdate:Shellyht_room4_111_T": {
    "class": "org.eclipse.smarthome.core.items.Metadata",
    "value": {
      "key": {
        "segments": [
          "autoupdate",
          "Shellyht_room4_111_T"
        ]
      },
      "value": "true",
      "configuration": {}
    }
  },
  "autoupdate:Shellyht_room8_124_T": {
    "class": "org.eclipse.smarthome.core.items.Metadata",
    "value": {
      "key": {
        "segments": [
          "autoupdate",
          "Shellyht_room8_124_T"
        ]
      },
      "value": "true",
      "configuration": {}
    }
  },
  "autoupdate:Shellyht_room8_124_H": {
    "class": "org.eclipse.smarthome.core.items.Metadata",
    "value": {
      "key": {
        "segments": [
          "autoupdate",
          "Shellyht_room8_124_H"
        ]
      },
      "value": "true",
      "configuration": {}
    }
  },
  "autoupdate:Shellyht_room13_138_H": {
    "class": "org.eclipse.smarthome.core.items.Metadata",
    "value": {
      "key": {
        "segments": [
          "autoupdate",
          "Shellyht_room13_138_H"
        ]
      },
      "value": "true",
      "configuration": {}
    }
  },
  "autoupdate:Shellyht_room8_124_Battery": {
    "class": "org.eclipse.smarthome.core.items.Metadata",
    "value": {
      "key": {
        "segments": [
          "autoupdate",
          "Shellyht_room8_124_Battery"
        ]
      },
      "value": "true",
      "configuration": {}
    }
  },
  "autoupdate:Shellyht_room4_111_H": {
    "class": "org.eclipse.smarthome.core.items.Metadata",
    "value": {
      "key": {
        "segments": [
          "autoupdate",
          "Shellyht_room4_111_H"
        ]
      },
      "value": "true",
      "configuration": {}
    }
  },
  "autoupdate:Shellyht_F93c0b_101_H": {
    "class": "org.eclipse.smarthome.core.items.Metadata",
    "value": {
      "key": {
        "segments": [
          "autoupdate",
          "Shellyht_F93c0b_101_H"
        ]
      },
      "value": "true",
      "configuration": {}
    }
  },
  "autoupdate:Shellyht_room13_138_T": {
    "class": "org.eclipse.smarthome.core.items.Metadata",
    "value": {
      "key": {
        "segments": [
          "autoupdate",
          "Shellyht_room13_138_T"
        ]
      },
      "value": "true",
      "configuration": {}
    }
  },
  "autoupdate:Shellyht_room9_126_T": {
    "class": "org.eclipse.smarthome.core.items.Metadata",
    "value": {
      "key": {
        "segments": [
          "autoupdate",
          "Shellyht_room9_126_T"
        ]
      },
      "value": "true",
      "configuration": {}
    }
  },
  "autoupdate:Shellyht_room12_134_H": {
    "class": "org.eclipse.smarthome.core.items.Metadata",
    "value": {
      "key": {
        "segments": [
          "autoupdate",
          "Shellyht_room12_134_H"
        ]
      },
      "value": "true",
      "configuration": {}
    }
  },
  "autoupdate:Shellyht_room2_106_H": {
    "class": "org.eclipse.smarthome.core.items.Metadata",
    "value": {
      "key": {
        "segments": [
          "autoupdate",
          "Shellyht_room2_106_H"
        ]
      },
      "value": "true",
      "configuration": {}
    }
  },
  "autoupdate:Shellyht_room7_120_T": {
    "class": "org.eclipse.smarthome.core.items.Metadata",
    "value": {
      "key": {
        "segments": [
          "autoupdate",
          "Shellyht_room7_120_T"
        ]
      },
      "value": "true",
      "configuration": {}
    }
  },
  "autoupdate:Shellyht_room9_125_H": {
    "class": "org.eclipse.smarthome.core.items.Metadata",
    "value": {
      "key": {
        "segments": [
          "autoupdate",
          "Shellyht_room9_125_H"
        ]
      },
      "value": "true",
      "configuration": {}
    }
  },
  "autoupdate:Shellyht_room12_134_T": {
    "class": "org.eclipse.smarthome.core.items.Metadata",
    "value": {
      "key": {
        "segments": [
          "autoupdate",
          "Shellyht_room12_134_T"
        ]
      },
      "value": "true",
      "configuration": {}
    }
  },
  "autoupdate:Shellyht_room2_106_T": {
    "class": "org.eclipse.smarthome.core.items.Metadata",
    "value": {
      "key": {
        "segments": [
          "autoupdate",
          "Shellyht_room2_106_T"
        ]
      },
      "value": "true",
      "configuration": {}
    }
  },
  "autoupdate:Shellyht_room11_133_T": {
    "class": "org.eclipse.smarthome.core.items.Metadata",
    "value": {
      "key": {
        "segments": [
          "autoupdate",
          "Shellyht_room11_133_T"
        ]
      },
      "value": "true",
      "configuration": {}
    }
  },
  "autoupdate:Shellyht_room14_142_H": {
    "class": "org.eclipse.smarthome.core.items.Metadata",
    "value": {
      "key": {
        "segments": [
          "autoupdate",
          "Shellyht_room14_142_H"
        ]
      },
      "value": "true",
      "configuration": {}
    }
  },
  "autoupdate:Shellyht_room6_116_T": {
    "class": "org.eclipse.smarthome.core.items.Metadata",
    "value": {
      "key": {
        "segments": [
          "autoupdate",
          "Shellyht_room6_116_T"
        ]
      },
      "value": "true",
      "configuration": {}
    }
  },
  "autoupdate:Shellyht_room15_143_H": {
    "class": "org.eclipse.smarthome.core.items.Metadata",
    "value": {
      "key": {
        "segments": [
          "autoupdate",
          "Shellyht_room15_143_H"
        ]
      },
      "value": "true",
      "configuration": {}
    }
  },
  "autoupdate:Shellyht_room15_143_T": {
    "class": "org.eclipse.smarthome.core.items.Metadata",
    "value": {
      "key": {
        "segments": [
          "autoupdate",
          "Shellyht_room15_143_T"
        ]
      },
      "value": "true",
      "configuration": {}
    }
  },
  "autoupdate:Shellyht_room7_120_H": {
    "class": "org.eclipse.smarthome.core.items.Metadata",
    "value": {
      "key": {
        "segments": [
          "autoupdate",
          "Shellyht_room7_120_H"
        ]
      },
      "value": "true",
      "configuration": {}
    }
  },
  "autoupdate:Shellyht_room6_116_H": {
    "class": "org.eclipse.smarthome.core.items.Metadata",
    "value": {
      "key": {
        "segments": [
          "autoupdate",
          "Shellyht_room6_116_H"
        ]
      },
      "value": "true",
      "configuration": {}
    }
  },
  "autoupdate:Shellyht_room4_110_Battery": {
    "class": "org.eclipse.smarthome.core.items.Metadata",
    "value": {
      "key": {
        "segments": [
          "autoupdate",
          "Shellyht_room4_110_Battery"
        ]
      },
      "value": "true",
      "configuration": {}
    }
  },
  "autoupdate:Shellyht_room4_112_T": {
    "class": "org.eclipse.smarthome.core.items.Metadata",
    "value": {
      "key": {
        "segments": [
          "autoupdate",
          "Shellyht_room4_112_T"
        ]
      },
      "value": "true",
      "configuration": {}
    }
  },
  "autoupdate:Shellyht_room11_132_H": {
    "class": "org.eclipse.smarthome.core.items.Metadata",
    "value": {
      "key": {
        "segments": [
          "autoupdate",
          "Shellyht_room11_132_H"
        ]
      },
      "value": "true",
      "configuration": {}
    }
  },
  "autoupdate:Shellyht_room14_140_T": {
    "class": "org.eclipse.smarthome.core.items.Metadata",
    "value": {
      "key": {
        "segments": [
          "autoupdate",
          "Shellyht_room14_140_T"
        ]
      },
      "value": "true",
      "configuration": {}
    }
  },
  "autoupdate:Shellyht_room5_113_H": {
    "class": "org.eclipse.smarthome.core.items.Metadata",
    "value": {
      "key": {
        "segments": [
          "autoupdate",
          "Shellyht_room5_113_H"
        ]
      },
      "value": "true",
      "configuration": {}
    }
  },
  "autoupdate:Shellyht_room13_139_H": {
    "class": "org.eclipse.smarthome.core.items.Metadata",
    "value": {
      "key": {
        "segments": [
          "autoupdate",
          "Shellyht_room13_139_H"
        ]
      },
      "value": "true",
      "configuration": {}
    }
  },
  "autoupdate:Shellyht_F93b61_100_H": {
    "class": "org.eclipse.smarthome.core.items.Metadata",
    "value": {
      "key": {
        "segments": [
          "autoupdate",
          "Shellyht_F93b61_100_H"
        ]
      },
      "value": "true",
      "configuration": {}
    }
  },
  "autoupdate:Shellyht_room4_112_H": {
    "class": "org.eclipse.smarthome.core.items.Metadata",
    "value": {
      "key": {
        "segments": [
          "autoupdate",
          "Shellyht_room4_112_H"
        ]
      },
      "value": "true",
      "configuration": {}
    }
  },
  "autoupdate:Shellyht_room13_139_T": {
    "class": "org.eclipse.smarthome.core.items.Metadata",
    "value": {
      "key": {
        "segments": [
          "autoupdate",
          "Shellyht_room13_139_T"
        ]
      },
      "value": "true",
      "configuration": {}
    }
  },
  "autoupdate:Shellyht_room5_113_T": {
    "class": "org.eclipse.smarthome.core.items.Metadata",
    "value": {
      "key": {
        "segments": [
          "autoupdate",
          "Shellyht_room5_113_T"
        ]
      },
      "value": "true",
      "configuration": {}
    }
  },
  "autoupdate:Shellyht_room9_127_T": {
    "class": "org.eclipse.smarthome.core.items.Metadata",
    "value": {
      "key": {
        "segments": [
          "autoupdate",
          "Shellyht_room9_127_T"
        ]
      },
      "value": "true",
      "configuration": {}
    }
  },
  "autoupdate:Shellyht_F93b61_100_T": {
    "class": "org.eclipse.smarthome.core.items.Metadata",
    "value": {
      "key": {
        "segments": [
          "autoupdate",
          "Shellyht_F93b61_100_T"
        ]
      },
      "value": "true",
      "configuration": {}
    }
  },
  "autoupdate:Shellyht_F93c0b_101_T": {
    "class": "org.eclipse.smarthome.core.items.Metadata",
    "value": {
      "key": {
        "segments": [
          "autoupdate",
          "Shellyht_F93c0b_101_T"
        ]
      },
      "value": "true",
      "configuration": {}
    }
  },
  "autoupdate:lot_nr_new_room14": {
    "class": "org.eclipse.smarthome.core.items.Metadata",
    "value": {
      "key": {
        "segments": [
          "autoupdate",
          "lot_nr_new_room14"
        ]
      },
      "value": "true",
      "configuration": {}
    }
  },
  "autoupdate:lot_nr_new_room15": {
    "class": "org.eclipse.smarthome.core.items.Metadata",
    "value": {
      "key": {
        "segments": [
          "autoupdate",
          "lot_nr_new_room15"
        ]
      },
      "value": "true",
      "configuration": {}
    }
  },
  "autoupdate:shellyht_room1_103_Battery": {
    "class": "org.eclipse.smarthome.core.items.Metadata",
    "value": {
      "key": {
        "segments": [
          "autoupdate",
          "shellyht_room1_103_Battery"
        ]
      },
      "value": "true",
      "configuration": {}
    }
  },
  "autoupdate:lot_nr_new_room12": {
    "class": "org.eclipse.smarthome.core.items.Metadata",
    "value": {
      "key": {
        "segments": [
          "autoupdate",
          "lot_nr_new_room12"
        ]
      },
      "value": "true",
      "configuration": {}
    }
  },
  "autoupdate:Shellyht_room2_105_T": {
    "class": "org.eclipse.smarthome.core.items.Metadata",
    "value": {
      "key": {
        "segments": [
          "autoupdate",
          "Shellyht_room2_105_T"
        ]
      },
      "value": "true",
      "configuration": {}
    }
  },
  "autoupdate:lot_nr_new_room13": {
    "class": "org.eclipse.smarthome.core.items.Metadata",
    "value": {
      "key": {
        "segments": [
          "autoupdate",
          "lot_nr_new_room13"
        ]
      },
      "value": "true",
      "configuration": {}
    }
  },
  "autoupdate:lot_nr_new_room10": {
    "class": "org.eclipse.smarthome.core.items.Metadata",
    "value": {
      "key": {
        "segments": [
          "autoupdate",
          "lot_nr_new_room10"
        ]
      },
      "value": "true",
      "configuration": {}
    }
  },
  "autoupdate:Shellyht_room9_126_H": {
    "class": "org.eclipse.smarthome.core.items.Metadata",
    "value": {
      "key": {
        "segments": [
          "autoupdate",
          "Shellyht_room9_126_H"
        ]
      },
      "value": "true",
      "configuration": {}
    }
  },
  "autoupdate:lot_nr_new_room11": {
    "class": "org.eclipse.smarthome.core.items.Metadata",
    "value": {
      "key": {
        "segments": [
          "autoupdate",
          "lot_nr_new_room11"
        ]
      },
      "value": "true",
      "configuration": {}
    }
  },
  "autoupdate:Shellyht_room2_105_Battery": {
    "class": "org.eclipse.smarthome.core.items.Metadata",
    "value": {
      "key": {
        "segments": [
          "autoupdate",
          "Shellyht_room2_105_Battery"
        ]
      },
      "value": "true",
      "configuration": {}
    }
  },
  "autoupdate:Shellyht_room11_132_T": {
    "class": "org.eclipse.smarthome.core.items.Metadata",
    "value": {
      "key": {
        "segments": [
          "autoupdate",
          "Shellyht_room11_132_T"
        ]
      },
      "value": "true",
      "configuration": {}
    }
  },
  "autoupdate:Shellyht_room10_128_H": {
    "class": "org.eclipse.smarthome.core.items.Metadata",
    "value": {
      "key": {
        "segments": [
          "autoupdate",
          "Shellyht_room10_128_H"
        ]
      },
      "value": "true",
      "configuration": {}
    }
  },
  "autoupdate:Shellyht_room10_128_T": {
    "class": "org.eclipse.smarthome.core.items.Metadata",
    "value": {
      "key": {
        "segments": [
          "autoupdate",
          "Shellyht_room10_128_T"
        ]
      },
      "value": "true",
      "configuration": {}
    }
  },
  "autoupdate:Shellyht_room2_105_H": {
    "class": "org.eclipse.smarthome.core.items.Metadata",
    "value": {
      "key": {
        "segments": [
          "autoupdate",
          "Shellyht_room2_105_H"
        ]
      },
      "value": "true",
      "configuration": {}
    }
  },
  "autoupdate:Shellyht_room1_103_H": {
    "class": "org.eclipse.smarthome.core.items.Metadata",
    "value": {
      "key": {
        "segments": [
          "autoupdate",
          "Shellyht_room1_103_H"
        ]
      },
      "value": "true",
      "configuration": {}
    }
  },
  "autoupdate:Shellyht_room14_141_T": {
    "class": "org.eclipse.smarthome.core.items.Metadata",
    "value": {
      "key": {
        "segments": [
          "autoupdate",
          "Shellyht_room14_141_T"
        ]
      },
      "value": "true",
      "configuration": {}
    }
  },
  "autoupdate:Shellyht_room7_119_H": {
    "class": "org.eclipse.smarthome.core.items.Metadata",
    "value": {
      "key": {
        "segments": [
          "autoupdate",
          "Shellyht_room7_119_H"
        ]
      },
      "value": "true",
      "configuration": {}
    }
  },
  "autoupdate:Shellyht_room8_122_T": {
    "class": "org.eclipse.smarthome.core.items.Metadata",
    "value": {
      "key": {
        "segments": [
          "autoupdate",
          "Shellyht_room8_122_T"
        ]
      },
      "value": "true",
      "configuration": {}
    }
  },
  "autoupdate:Shellyht_room3_108_T": {
    "class": "org.eclipse.smarthome.core.items.Metadata",
    "value": {
      "key": {
        "segments": [
          "autoupdate",
          "Shellyht_room3_108_T"
        ]
      },
      "value": "true",
      "configuration": {}
    }
  },
  "autoupdate:Shellyht_room11_131_H": {
    "class": "org.eclipse.smarthome.core.items.Metadata",
    "value": {
      "key": {
        "segments": [
          "autoupdate",
          "Shellyht_room11_131_H"
        ]
      },
      "value": "true",
      "configuration": {}
    }
  },
  "autoupdate:Shellyht_room8_122_H": {
    "class": "org.eclipse.smarthome.core.items.Metadata",
    "value": {
      "key": {
        "segments": [
          "autoupdate",
          "Shellyht_room8_122_H"
        ]
      },
      "value": "true",
      "configuration": {}
    }
  },
  "autoupdate:Shellyht_room3_108_H": {
    "class": "org.eclipse.smarthome.core.items.Metadata",
    "value": {
      "key": {
        "segments": [
          "autoupdate",
          "Shellyht_room3_108_H"
        ]
      },
      "value": "true",
      "configuration": {}
    }
  },
  "autoupdate:Shellyht_room6_118_T": {
    "class": "org.eclipse.smarthome.core.items.Metadata",
    "value": {
      "key": {
        "segments": [
          "autoupdate",
          "Shellyht_room6_118_T"
        ]
      },
      "value": "true",
      "configuration": {}
    }
  },
  "autoupdate:Shellyht_room10_130_T": {
    "class": "org.eclipse.smarthome.core.items.Metadata",
    "value": {
      "key": {
        "segments": [
          "autoupdate",
          "Shellyht_room10_130_T"
        ]
      },
      "value": "true",
      "configuration": {}
    }
  },
  "autoupdate:Shellyht_room1_103_T": {
    "class": "org.eclipse.smarthome.core.items.Metadata",
    "value": {
      "key": {
        "segments": [
          "autoupdate",
          "Shellyht_room1_103_T"
        ]
      },
      "value": "true",
      "configuration": {}
    }
  },
  "autoupdate:Shellyht_room5_114_H": {
    "class": "org.eclipse.smarthome.core.items.Metadata",
    "value": {
      "key": {
        "segments": [
          "autoupdate",
          "Shellyht_room5_114_H"
        ]
      },
      "value": "true",
      "configuration": {}
    }
  },
  "autoupdate:Shellyht_room5_114_T": {
    "class": "org.eclipse.smarthome.core.items.Metadata",
    "value": {
      "key": {
        "segments": [
          "autoupdate",
          "Shellyht_room5_114_T"
        ]
      },
      "value": "true",
      "configuration": {}
    }
  },
  "autoupdate:Shellyht_f930e1_102_H": {
    "class": "org.eclipse.smarthome.core.items.Metadata",
    "value": {
      "key": {
        "segments": [
          "autoupdate",
          "Shellyht_f930e1_102_H"
        ]
      },
      "value": "true",
      "configuration": {}
    }
  },
  "autoupdate:Shellyht_room12_136_H": {
    "class": "org.eclipse.smarthome.core.items.Metadata",
    "value": {
      "key": {
        "segments": [
          "autoupdate",
          "Shellyht_room12_136_H"
        ]
      },
      "value": "true",
      "configuration": {}
    }
  },
  "autoupdate:lot_nr_new_room4": {
    "class": "org.eclipse.smarthome.core.items.Metadata",
    "value": {
      "key": {
        "segments": [
          "autoupdate",
          "lot_nr_new_room4"
        ]
      },
      "value": "true",
      "configuration": {}
    }
  },
  "autoupdate:lot_nr_new_room3": {
    "class": "org.eclipse.smarthome.core.items.Metadata",
    "value": {
      "key": {
        "segments": [
          "autoupdate",
          "lot_nr_new_room3"
        ]
      },
      "value": "true",
      "configuration": {}
    }
  },
  "autoupdate:lot_nr_new_room2": {
    "class": "org.eclipse.smarthome.core.items.Metadata",
    "value": {
      "key": {
        "segments": [
          "autoupdate",
          "lot_nr_new_room2"
        ]
      },
      "value": "true",
      "configuration": {}
    }
  },
  "autoupdate:lot_nr_new_room1": {
    "class": "org.eclipse.smarthome.core.items.Metadata",
    "value": {
      "key": {
        "segments": [
          "autoupdate",
          "lot_nr_new_room1"
        ]
      },
      "value": "true",
      "configuration": {}
    }
  },
  "autoupdate:Shellyht_room2_104_T": {
    "class": "org.eclipse.smarthome.core.items.Metadata",
    "value": {
      "key": {
        "segments": [
          "autoupdate",
          "Shellyht_room2_104_T"
        ]
      },
      "value": "true",
      "configuration": {}
    }
  },
  "autoupdate:Shellyht_room9_127_H": {
    "class": "org.eclipse.smarthome.core.items.Metadata",
    "value": {
      "key": {
        "segments": [
          "autoupdate",
          "Shellyht_room9_127_H"
        ]
      },
      "value": "true",
      "configuration": {}
    }
  },
  "autoupdate:Shellyht_f930e1_102_T": {
    "class": "org.eclipse.smarthome.core.items.Metadata",
    "value": {
      "key": {
        "segments": [
          "autoupdate",
          "Shellyht_f930e1_102_T"
        ]
      },
      "value": "true",
      "configuration": {}
    }
  },
  "autoupdate:Shellyht_room12_136_T": {
    "class": "org.eclipse.smarthome.core.items.Metadata",
    "value": {
      "key": {
        "segments": [
          "autoupdate",
          "Shellyht_room12_136_T"
        ]
      },
      "value": "true",
      "configuration": {}
    }
  },
  "autoupdate:Shellyht_room10_130_H": {
    "class": "org.eclipse.smarthome.core.items.Metadata",
    "value": {
      "key": {
        "segments": [
          "autoupdate",
          "Shellyht_room10_130_H"
        ]
      },
      "value": "true",
      "configuration": {}
    }
  },
  "autoupdate:Shellyht_room7_119_T": {
    "class": "org.eclipse.smarthome.core.items.Metadata",
    "value": {
      "key": {
        "segments": [
          "autoupdate",
          "Shellyht_room7_119_T"
        ]
      },
      "value": "true",
      "configuration": {}
    }
  },
  "autoupdate:Shellyht_room11_131_T": {
    "class": "org.eclipse.smarthome.core.items.Metadata",
    "value": {
      "key": {
        "segments": [
          "autoupdate",
          "Shellyht_room11_131_T"
        ]
      },
      "value": "true",
      "configuration": {}
    }
  },
  "autoupdate:Shellyht_room14_140_H": {
    "class": "org.eclipse.smarthome.core.items.Metadata",
    "value": {
      "key": {
        "segments": [
          "autoupdate",
          "Shellyht_room14_140_H"
        ]
      },
      "value": "true",
      "configuration": {}
    }
  },
  "autoupdate:lot_nr_new_room8": {
    "class": "org.eclipse.smarthome.core.items.Metadata",
    "value": {
      "key": {
        "segments": [
          "autoupdate",
          "lot_nr_new_room8"
        ]
      },
      "value": "true",
      "configuration": {}
    }
  },
  "autoupdate:lot_nr_new_room7": {
    "class": "org.eclipse.smarthome.core.items.Metadata",
    "value": {
      "key": {
        "segments": [
          "autoupdate",
          "lot_nr_new_room7"
        ]
      },
      "value": "true",
      "configuration": {}
    }
  },
  "autoupdate:Shellyht_room3_109_T": {
    "class": "org.eclipse.smarthome.core.items.Metadata",
    "value": {
      "key": {
        "segments": [
          "autoupdate",
          "Shellyht_room3_109_T"
        ]
      },
      "value": "true",
      "configuration": {}
    }
  },
  "autoupdate:Shellyht_room6_118_H": {
    "class": "org.eclipse.smarthome.core.items.Metadata",
    "value": {
      "key": {
        "segments": [
          "autoupdate",
          "Shellyht_room6_118_H"
        ]
      },
      "value": "true",
      "configuration": {}
    }
  },
  "autoupdate:lot_nr_new_room6": {
    "class": "org.eclipse.smarthome.core.items.Metadata",
    "value": {
      "key": {
        "segments": [
          "autoupdate",
          "lot_nr_new_room6"
        ]
      },
      "value": "true",
      "configuration": {}
    }
  },
  "autoupdate:Shellyht_room15_145_T": {
    "class": "org.eclipse.smarthome.core.items.Metadata",
    "value": {
      "key": {
        "segments": [
          "autoupdate",
          "Shellyht_room15_145_T"
        ]
      },
      "value": "true",
      "configuration": {}
    }
  },
  "autoupdate:lot_nr_new_room5": {
    "class": "org.eclipse.smarthome.core.items.Metadata",
    "value": {
      "key": {
        "segments": [
          "autoupdate",
          "lot_nr_new_room5"
        ]
      },
      "value": "true",
      "configuration": {}
    }
  },
  "autoupdate:lot_nr_new_room9": {
    "class": "org.eclipse.smarthome.core.items.Metadata",
    "value": {
      "key": {
        "segments": [
          "autoupdate",
          "lot_nr_new_room9"
        ]
      },
      "value": "true",
      "configuration": {}
    }
  }
}