{
  "Shellyht_room13_138_Battery -\u003e shelly:shellyht:f939c9:battery#batteryLevel": {
    "class": "org.eclipse.smarthome.core.thing.link.ItemChannelLink",
    "value": {
      "channelUID": {
        "segments": [
          "shelly",
          "shellyht",
          "f939c9",
          "battery#batteryLevel"
        ]
      },
      "configuration": {
        "properties": {
          "profile": "system:default"
        }
      },
      "itemName": "Shellyht_room13_138_Battery"
    }
  },
  "Shellyht_room10_128_T -\u003e shelly:shellyht:f93ca4:sensors#temperature": {
    "class": "org.eclipse.smarthome.core.thing.link.ItemChannelLink",
    "value": {
      "channelUID": {
        "segments": [
          "shelly",
          "shellyht",
          "f93ca4",
          "sensors#temperature"
        ]
      },
      "configuration": {
        "properties": {
          "profile": "system:default"
        }
      },
      "itemName": "Shellyht_room10_128_T"
    }
  },
  "Shellyht_room14_141_Battery -\u003e shelly:shellyht:f934fa:battery#batteryLevel": {
    "class": "org.eclipse.smarthome.core.thing.link.ItemChannelLink",
    "value": {
      "channelUID": {
        "segments": [
          "shelly",
          "shellyht",
          "f934fa",
          "battery#batteryLevel"
        ]
      },
      "configuration": {
        "properties": {
          "profile": "system:default"
        }
      },
      "itemName": "Shellyht_room14_141_Battery"
    }
  },
  "Shellyht_room12_136_H -\u003e shelly:shellyht:f2b3ce:sensors#humidity": {
    "class": "org.eclipse.smarthome.core.thing.link.ItemChannelLink",
    "value": {
      "channelUID": {
        "segments": [
          "shelly",
          "shellyht",
          "f2b3ce",
          "sensors#humidity"
        ]
      },
      "configuration": {
        "properties": {
          "profile": "system:default"
        }
      },
      "itemName": "Shellyht_room12_136_H"
    }
  },
  "Shellyht_room3_109_H -\u003e shelly:shellyht:f93c0a:sensors#humidity": {
    "class": "org.eclipse.smarthome.core.thing.link.ItemChannelLink",
    "value": {
      "channelUID": {
        "segments": [
          "shelly",
          "shellyht",
          "f93c0a",
          "sensors#humidity"
        ]
      },
      "configuration": {
        "properties": {
          "profile": "system:default"
        }
      },
      "itemName": "Shellyht_room3_109_H"
    }
  },
  "Shellyht_room11_133_H -\u003e shelly:shellyht:f93c19:sensors#humidity": {
    "class": "org.eclipse.smarthome.core.thing.link.ItemChannelLink",
    "value": {
      "channelUID": {
        "segments": [
          "shelly",
          "shellyht",
          "f93c19",
          "sensors#humidity"
        ]
      },
      "configuration": {
        "properties": {
          "profile": "system:default"
        }
      },
      "itemName": "Shellyht_room11_133_H"
    }
  },
  "ModbusData_LastErroringRead -\u003e modbus:data:52d0d078:lastReadError": {
    "class": "org.eclipse.smarthome.core.thing.link.ItemChannelLink",
    "value": {
      "channelUID": {
        "segments": [
          "modbus",
          "data",
          "52d0d078",
          "lastReadError"
        ]
      },
      "configuration": {
        "properties": {
          "profile": "system:default"
        }
      },
      "itemName": "ModbusData_LastErroringRead"
    }
  },
  "ModbusData_ValueAsString -\u003e modbus:data:52d0d078:string": {
    "class": "org.eclipse.smarthome.core.thing.link.ItemChannelLink",
    "value": {
      "channelUID": {
        "segments": [
          "modbus",
          "data",
          "52d0d078",
          "string"
        ]
      },
      "configuration": {
        "properties": {
          "profile": "system:default"
        }
      },
      "itemName": "ModbusData_ValueAsString"
    }
  },
  "Shellyht_room4_110_H -\u003e shelly:shellyht:f939c3:sensors#humidity": {
    "class": "org.eclipse.smarthome.core.thing.link.ItemChannelLink",
    "value": {
      "channelUID": {
        "segments": [
          "shelly",
          "shellyht",
          "f939c3",
          "sensors#humidity"
        ]
      },
      "configuration": {
        "properties": {
          "profile": "system:default"
        }
      },
      "itemName": "Shellyht_room4_110_H"
    }
  },
  "Shellyht_room8_124_Battery -\u003e shelly:shellyht:f93ba8:battery#batteryLevel": {
    "class": "org.eclipse.smarthome.core.thing.link.ItemChannelLink",
    "value": {
      "channelUID": {
        "segments": [
          "shelly",
          "shellyht",
          "f93ba8",
          "battery#batteryLevel"
        ]
      },
      "configuration": {
        "properties": {
          "profile": "system:default"
        }
      },
      "itemName": "Shellyht_room8_124_Battery"
    }
  },
  "Shellyht_room12_135_Battery -\u003e shelly:shellyht:f939d3:battery#batteryLevel": {
    "class": "org.eclipse.smarthome.core.thing.link.ItemChannelLink",
    "value": {
      "channelUID": {
        "segments": [
          "shelly",
          "shellyht",
          "f939d3",
          "battery#batteryLevel"
        ]
      },
      "configuration": {
        "properties": {
          "profile": "system:default"
        }
      },
      "itemName": "Shellyht_room12_135_Battery"
    }
  },
  "Shellyht_room7_119_Battery -\u003e shelly:shellyht:f93b69:battery#batteryLevel": {
    "class": "org.eclipse.smarthome.core.thing.link.ItemChannelLink",
    "value": {
      "channelUID": {
        "segments": [
          "shelly",
          "shellyht",
          "f93b69",
          "battery#batteryLevel"
        ]
      },
      "configuration": {
        "properties": {
          "profile": "system:default"
        }
      },
      "itemName": "Shellyht_room7_119_Battery"
    }
  },
  "Shellyht_F93b61_100_T -\u003e shelly:shellyht:f93b61:sensors#temperature": {
    "class": "org.eclipse.smarthome.core.thing.link.ItemChannelLink",
    "value": {
      "channelUID": {
        "segments": [
          "shelly",
          "shellyht",
          "f93b61",
          "sensors#temperature"
        ]
      },
      "configuration": {
        "properties": {
          "profile": "system:default"
        }
      },
      "itemName": "Shellyht_F93b61_100_T"
    }
  },
  "Shellyht_room14_142_H -\u003e shelly:shellyht:f93305:sensors#humidity": {
    "class": "org.eclipse.smarthome.core.thing.link.ItemChannelLink",
    "value": {
      "channelUID": {
        "segments": [
          "shelly",
          "shellyht",
          "f93305",
          "sensors#humidity"
        ]
      },
      "configuration": {
        "properties": {
          "profile": "system:default"
        }
      },
      "itemName": "Shellyht_room14_142_H"
    }
  },
  "Shellyht_room6_116_Battery -\u003e shelly:shellyht:f9326b:battery#batteryLevel": {
    "class": "org.eclipse.smarthome.core.thing.link.ItemChannelLink",
    "value": {
      "channelUID": {
        "segments": [
          "shelly",
          "shellyht",
          "f9326b",
          "battery#batteryLevel"
        ]
      },
      "configuration": {
        "properties": {
          "profile": "system:default"
        }
      },
      "itemName": "Shellyht_room6_116_Battery"
    }
  },
  "Shellyht_room9_126_Battery -\u003e shelly:shellyht:f93b5c:battery#batteryLevel": {
    "class": "org.eclipse.smarthome.core.thing.link.ItemChannelLink",
    "value": {
      "channelUID": {
        "segments": [
          "shelly",
          "shellyht",
          "f93b5c",
          "battery#batteryLevel"
        ]
      },
      "configuration": {
        "properties": {
          "profile": "system:default"
        }
      },
      "itemName": "Shellyht_room9_126_Battery"
    }
  },
  "Shellyht_room15_143_H -\u003e shelly:shellyht:f93b59:sensors#humidity": {
    "class": "org.eclipse.smarthome.core.thing.link.ItemChannelLink",
    "value": {
      "channelUID": {
        "segments": [
          "shelly",
          "shellyht",
          "f93b59",
          "sensors#humidity"
        ]
      },
      "configuration": {
        "properties": {
          "profile": "system:default"
        }
      },
      "itemName": "Shellyht_room15_143_H"
    }
  },
  "Shellyht_room10_128_H -\u003e shelly:shellyht:f93ca4:sensors#humidity": {
    "class": "org.eclipse.smarthome.core.thing.link.ItemChannelLink",
    "value": {
      "channelUID": {
        "segments": [
          "shelly",
          "shellyht",
          "f93ca4",
          "sensors#humidity"
        ]
      },
      "configuration": {
        "properties": {
          "profile": "system:default"
        }
      },
      "itemName": "Shellyht_room10_128_H"
    }
  },
  "Shellyht_room1_102_H -\u003e shelly:shellyht:f9384b:sensors#humidity": {
    "class": "org.eclipse.smarthome.core.thing.link.ItemChannelLink",
    "value": {
      "channelUID": {
        "segments": [
          "shelly",
          "shellyht",
          "f9384b",
          "sensors#humidity"
        ]
      },
      "configuration": {
        "properties": {
          "profile": "system:default"
        }
      },
      "itemName": "Shellyht_room1_102_H"
    }
  },
  "Shellyht_room5_115_H -\u003e shelly:shellyht:f93227:sensors#humidity": {
    "class": "org.eclipse.smarthome.core.thing.link.ItemChannelLink",
    "value": {
      "channelUID": {
        "segments": [
          "shelly",
          "shellyht",
          "f93227",
          "sensors#humidity"
        ]
      },
      "configuration": {
        "properties": {
          "profile": "system:default"
        }
      },
      "itemName": "Shellyht_room5_115_H"
    }
  },
  "Shellyht_room8_123_H -\u003e shelly:shellyht:f937a6:sensors#humidity": {
    "class": "org.eclipse.smarthome.core.thing.link.ItemChannelLink",
    "value": {
      "channelUID": {
        "segments": [
          "shelly",
          "shellyht",
          "f937a6",
          "sensors#humidity"
        ]
      },
      "configuration": {
        "properties": {
          "profile": "system:default"
        }
      },
      "itemName": "Shellyht_room8_123_H"
    }
  },
  "Shellyht_room7_121_T -\u003e shelly:shellyht:f93267:sensors#temperature": {
    "class": "org.eclipse.smarthome.core.thing.link.ItemChannelLink",
    "value": {
      "channelUID": {
        "segments": [
          "shelly",
          "shellyht",
          "f93267",
          "sensors#temperature"
        ]
      },
      "configuration": {
        "properties": {
          "profile": "system:default"
        }
      },
      "itemName": "Shellyht_room7_121_T"
    }
  },
  "Shellyht_room2_105_T -\u003e shelly:shellyht:f93520:sensors#temperature": {
    "class": "org.eclipse.smarthome.core.thing.link.ItemChannelLink",
    "value": {
      "channelUID": {
        "segments": [
          "shelly",
          "shellyht",
          "f93520",
          "sensors#temperature"
        ]
      },
      "configuration": {
        "properties": {
          "profile": "system:default"
        }
      },
      "itemName": "Shellyht_room2_105_T"
    }
  },
  "Shellyht_room7_120_Battery -\u003e shelly:shellyht:f93b49:battery#batteryLevel": {
    "class": "org.eclipse.smarthome.core.thing.link.ItemChannelLink",
    "value": {
      "channelUID": {
        "segments": [
          "shelly",
          "shellyht",
          "f93b49",
          "battery#batteryLevel"
        ]
      },
      "configuration": {
        "properties": {
          "profile": "system:default"
        }
      },
      "itemName": "Shellyht_room7_120_Battery"
    }
  },
  "Shellyht_room3_108_H -\u003e shelly:shellyht:f937a3:sensors#humidity": {
    "class": "org.eclipse.smarthome.core.thing.link.ItemChannelLink",
    "value": {
      "channelUID": {
        "segments": [
          "shelly",
          "shellyht",
          "f937a3",
          "sensors#humidity"
        ]
      },
      "configuration": {
        "properties": {
          "profile": "system:default"
        }
      },
      "itemName": "Shellyht_room3_108_H"
    }
  },
  "Shellyht_room5_113_T -\u003e shelly:shellyht:f93ba2:sensors#temperature": {
    "class": "org.eclipse.smarthome.core.thing.link.ItemChannelLink",
    "value": {
      "channelUID": {
        "segments": [
          "shelly",
          "shellyht",
          "f93ba2",
          "sensors#temperature"
        ]
      },
      "configuration": {
        "properties": {
          "profile": "system:default"
        }
      },
      "itemName": "Shellyht_room5_113_T"
    }
  },
  "Shellyht_room1_101_H -\u003e shelly:shellyht:f93ba7:sensors#humidity": {
    "class": "org.eclipse.smarthome.core.thing.link.ItemChannelLink",
    "value": {
      "channelUID": {
        "segments": [
          "shelly",
          "shellyht",
          "f93ba7",
          "sensors#humidity"
        ]
      },
      "configuration": {
        "properties": {
          "profile": "system:default"
        }
      },
      "itemName": "Shellyht_room1_101_H"
    }
  },
  "Shellyht_room11_133_T -\u003e shelly:shellyht:f93c19:sensors#temperature": {
    "class": "org.eclipse.smarthome.core.thing.link.ItemChannelLink",
    "value": {
      "channelUID": {
        "segments": [
          "shelly",
          "shellyht",
          "f93c19",
          "sensors#temperature"
        ]
      },
      "configuration": {
        "properties": {
          "profile": "system:default"
        }
      },
      "itemName": "Shellyht_room11_133_T"
    }
  },
  "Shellyht_room10_130_H -\u003e shelly:shellyht:f93c6e:sensors#humidity": {
    "class": "org.eclipse.smarthome.core.thing.link.ItemChannelLink",
    "value": {
      "channelUID": {
        "segments": [
          "shelly",
          "shellyht",
          "f93c6e",
          "sensors#humidity"
        ]
      },
      "configuration": {
        "properties": {
          "profile": "system:default"
        }
      },
      "itemName": "Shellyht_room10_130_H"
    }
  },
  "Shellyht_room7_120_T -\u003e shelly:shellyht:f93b49:sensors#temperature": {
    "class": "org.eclipse.smarthome.core.thing.link.ItemChannelLink",
    "value": {
      "channelUID": {
        "segments": [
          "shelly",
          "shellyht",
          "f93b49",
          "sensors#temperature"
        ]
      },
      "configuration": {
        "properties": {
          "profile": "system:default"
        }
      },
      "itemName": "Shellyht_room7_120_T"
    }
  },
  "Shellyht_room11_133_Battery -\u003e shelly:shellyht:f93c19:battery#batteryLevel": {
    "class": "org.eclipse.smarthome.core.thing.link.ItemChannelLink",
    "value": {
      "channelUID": {
        "segments": [
          "shelly",
          "shellyht",
          "f93c19",
          "battery#batteryLevel"
        ]
      },
      "configuration": {
        "properties": {
          "profile": "system:default"
        }
      },
      "itemName": "Shellyht_room11_133_Battery"
    }
  },
  "Shellyht_room13_139_T -\u003e shelly:shellyht:f93395:sensors#temperature": {
    "class": "org.eclipse.smarthome.core.thing.link.ItemChannelLink",
    "value": {
      "channelUID": {
        "segments": [
          "shelly",
          "shellyht",
          "f93395",
          "sensors#temperature"
        ]
      },
      "configuration": {
        "properties": {
          "profile": "system:default"
        }
      },
      "itemName": "Shellyht_room13_139_T"
    }
  },
  "Shellyht_room5_113_Battery -\u003e shelly:shellyht:f93ba2:battery#batteryLevel": {
    "class": "org.eclipse.smarthome.core.thing.link.ItemChannelLink",
    "value": {
      "channelUID": {
        "segments": [
          "shelly",
          "shellyht",
          "f93ba2",
          "battery#batteryLevel"
        ]
      },
      "configuration": {
        "properties": {
          "profile": "system:default"
        }
      },
      "itemName": "Shellyht_room5_113_Battery"
    }
  },
  "Shellyht_room10_130_Battery -\u003e shelly:shellyht:f93c6e:battery#batteryLevel": {
    "class": "org.eclipse.smarthome.core.thing.link.ItemChannelLink",
    "value": {
      "channelUID": {
        "segments": [
          "shelly",
          "shellyht",
          "f93c6e",
          "battery#batteryLevel"
        ]
      },
      "configuration": {
        "properties": {
          "profile": "system:default"
        }
      },
      "itemName": "Shellyht_room10_130_Battery"
    }
  },
  "ModbusData_ValueAsSwitch -\u003e modbus:data:52d0d078:switch": {
    "class": "org.eclipse.smarthome.core.thing.link.ItemChannelLink",
    "value": {
      "channelUID": {
        "segments": [
          "modbus",
          "data",
          "52d0d078",
          "switch"
        ]
      },
      "configuration": {
        "properties": {
          "profile": "system:default"
        }
      },
      "itemName": "ModbusData_ValueAsSwitch"
    }
  },
  "Shellyht_room2_104_Battery -\u003e shelly:shellyht:f9381b:battery#batteryLevel": {
    "class": "org.eclipse.smarthome.core.thing.link.ItemChannelLink",
    "value": {
      "channelUID": {
        "segments": [
          "shelly",
          "shellyht",
          "f9381b",
          "battery#batteryLevel"
        ]
      },
      "configuration": {
        "properties": {
          "profile": "system:default"
        }
      },
      "itemName": "Shellyht_room2_104_Battery"
    }
  },
  "Shellyht_room8_122_H -\u003e shelly:shellyht:f93b91:sensors#humidity": {
    "class": "org.eclipse.smarthome.core.thing.link.ItemChannelLink",
    "value": {
      "channelUID": {
        "segments": [
          "shelly",
          "shellyht",
          "f93b91",
          "sensors#humidity"
        ]
      },
      "configuration": {
        "properties": {
          "profile": "system:default"
        }
      },
      "itemName": "Shellyht_room8_122_H"
    }
  },
  "Shellyht_room2_107_H -\u003e shelly:shellyht:f93c06:sensors#humidity": {
    "class": "org.eclipse.smarthome.core.thing.link.ItemChannelLink",
    "value": {
      "channelUID": {
        "segments": [
          "shelly",
          "shellyht",
          "f93c06",
          "sensors#humidity"
        ]
      },
      "configuration": {
        "properties": {
          "profile": "system:default"
        }
      },
      "itemName": "Shellyht_room2_107_H"
    }
  },
  "Shellyrgbw2_F44323_123_Meter -\u003e shelly:shellyrgbw2-white:f44323:meter#currentWatts": {
    "class": "org.eclipse.smarthome.core.thing.link.ItemChannelLink",
    "value": {
      "channelUID": {
        "segments": [
          "shelly",
          "shellyrgbw2-white",
          "f44323",
          "meter#currentWatts"
        ]
      },
      "configuration": {
        "properties": {
          "profile": "system:default"
        }
      },
      "itemName": "Shellyrgbw2_F44323_123_Meter"
    }
  },
  "Shellyht_room15_144_Battery -\u003e shelly:shellyht:f93c72:battery#batteryLevel": {
    "class": "org.eclipse.smarthome.core.thing.link.ItemChannelLink",
    "value": {
      "channelUID": {
        "segments": [
          "shelly",
          "shellyht",
          "f93c72",
          "battery#batteryLevel"
        ]
      },
      "configuration": {
        "properties": {
          "profile": "system:default"
        }
      },
      "itemName": "Shellyht_room15_144_Battery"
    }
  },
  "Shellyht_room5_114_H -\u003e shelly:shellyht:f93878:sensors#humidity": {
    "class": "org.eclipse.smarthome.core.thing.link.ItemChannelLink",
    "value": {
      "channelUID": {
        "segments": [
          "shelly",
          "shellyht",
          "f93878",
          "sensors#humidity"
        ]
      },
      "configuration": {
        "properties": {
          "profile": "system:default"
        }
      },
      "itemName": "Shellyht_room5_114_H"
    }
  },
  "Shellyht_room9_125_H -\u003e shelly:shellyht:f93c41:sensors#humidity": {
    "class": "org.eclipse.smarthome.core.thing.link.ItemChannelLink",
    "value": {
      "channelUID": {
        "segments": [
          "shelly",
          "shellyht",
          "f93c41",
          "sensors#humidity"
        ]
      },
      "configuration": {
        "properties": {
          "profile": "system:default"
        }
      },
      "itemName": "Shellyht_room9_125_H"
    }
  },
  "Shellyht_room6_116_H -\u003e shelly:shellyht:f9326b:sensors#humidity": {
    "class": "org.eclipse.smarthome.core.thing.link.ItemChannelLink",
    "value": {
      "channelUID": {
        "segments": [
          "shelly",
          "shellyht",
          "f9326b",
          "sensors#humidity"
        ]
      },
      "configuration": {
        "properties": {
          "profile": "system:default"
        }
      },
      "itemName": "Shellyht_room6_116_H"
    }
  },
  "Shellyht_room5_114_T -\u003e shelly:shellyht:f93878:sensors#temperature": {
    "class": "org.eclipse.smarthome.core.thing.link.ItemChannelLink",
    "value": {
      "channelUID": {
        "segments": [
          "shelly",
          "shellyht",
          "f93878",
          "sensors#temperature"
        ]
      },
      "configuration": {
        "properties": {
          "profile": "system:default"
        }
      },
      "itemName": "Shellyht_room5_114_T"
    }
  },
  "Shellyht_room7_120_H -\u003e shelly:shellyht:f93b49:sensors#humidity": {
    "class": "org.eclipse.smarthome.core.thing.link.ItemChannelLink",
    "value": {
      "channelUID": {
        "segments": [
          "shelly",
          "shellyht",
          "f93b49",
          "sensors#humidity"
        ]
      },
      "configuration": {
        "properties": {
          "profile": "system:default"
        }
      },
      "itemName": "Shellyht_room7_120_H"
    }
  },
  "Shellyht_room13_139_Battery -\u003e shelly:shellyht:f93395:battery#batteryLevel": {
    "class": "org.eclipse.smarthome.core.thing.link.ItemChannelLink",
    "value": {
      "channelUID": {
        "segments": [
          "shelly",
          "shellyht",
          "f93395",
          "battery#batteryLevel"
        ]
      },
      "configuration": {
        "properties": {
          "profile": "system:default"
        }
      },
      "itemName": "Shellyht_room13_139_Battery"
    }
  },
  "Shellyht_room9_125_T -\u003e shelly:shellyht:f93c41:sensors#temperature": {
    "class": "org.eclipse.smarthome.core.thing.link.ItemChannelLink",
    "value": {
      "channelUID": {
        "segments": [
          "shelly",
          "shellyht",
          "f93c41",
          "sensors#temperature"
        ]
      },
      "configuration": {
        "properties": {
          "profile": "system:default"
        }
      },
      "itemName": "Shellyht_room9_125_T"
    }
  },
  "Shellyht_room13_138_T -\u003e shelly:shellyht:f939c9:sensors#temperature": {
    "class": "org.eclipse.smarthome.core.thing.link.ItemChannelLink",
    "value": {
      "channelUID": {
        "segments": [
          "shelly",
          "shellyht",
          "f939c9",
          "sensors#temperature"
        ]
      },
      "configuration": {
        "properties": {
          "profile": "system:default"
        }
      },
      "itemName": "Shellyht_room13_138_T"
    }
  },
  "Shellyht_F93c0b_101_T -\u003e shelly:shellyht:f93c0b:sensors#temperature": {
    "class": "org.eclipse.smarthome.core.thing.link.ItemChannelLink",
    "value": {
      "channelUID": {
        "segments": [
          "shelly",
          "shellyht",
          "f93c0b",
          "sensors#temperature"
        ]
      },
      "configuration": {
        "properties": {
          "profile": "system:default"
        }
      },
      "itemName": "Shellyht_F93c0b_101_T"
    }
  },
  "Shellyht_room5_114_Battery -\u003e shelly:shellyht:f93878:battery#batteryLevel": {
    "class": "org.eclipse.smarthome.core.thing.link.ItemChannelLink",
    "value": {
      "channelUID": {
        "segments": [
          "shelly",
          "shellyht",
          "f93878",
          "battery#batteryLevel"
        ]
      },
      "configuration": {
        "properties": {
          "profile": "system:default"
        }
      },
      "itemName": "Shellyht_room5_114_Battery"
    }
  },
  "Shellyht_room6_117_T -\u003e shelly:shellyht:f931d5:sensors#temperature": {
    "class": "org.eclipse.smarthome.core.thing.link.ItemChannelLink",
    "value": {
      "channelUID": {
        "segments": [
          "shelly",
          "shellyht",
          "f931d5",
          "sensors#temperature"
        ]
      },
      "configuration": {
        "properties": {
          "profile": "system:default"
        }
      },
      "itemName": "Shellyht_room6_117_T"
    }
  },
  "Shellyht_room2_106_H -\u003e shelly:shellyht:f9338e:sensors#humidity": {
    "class": "org.eclipse.smarthome.core.thing.link.ItemChannelLink",
    "value": {
      "channelUID": {
        "segments": [
          "shelly",
          "shellyht",
          "f9338e",
          "sensors#humidity"
        ]
      },
      "configuration": {
        "properties": {
          "profile": "system:default"
        }
      },
      "itemName": "Shellyht_room2_106_H"
    }
  },
  "Shellyht_room5_115_Battery -\u003e shelly:shellyht:f93227:battery#batteryLevel": {
    "class": "org.eclipse.smarthome.core.thing.link.ItemChannelLink",
    "value": {
      "channelUID": {
        "segments": [
          "shelly",
          "shellyht",
          "f93227",
          "battery#batteryLevel"
        ]
      },
      "configuration": {
        "properties": {
          "profile": "system:default"
        }
      },
      "itemName": "Shellyht_room5_115_Battery"
    }
  },
  "Shellyht_f930e1_102_H -\u003e shelly:shellyht:f930e1:sensors#humidity": {
    "class": "org.eclipse.smarthome.core.thing.link.ItemChannelLink",
    "value": {
      "channelUID": {
        "segments": [
          "shelly",
          "shellyht",
          "f930e1",
          "sensors#humidity"
        ]
      },
      "configuration": {
        "properties": {
          "profile": "system:default"
        }
      },
      "itemName": "Shellyht_f930e1_102_H"
    }
  },
  "Shellyht_room2_106_Battery -\u003e shelly:shellyht:f9338e:battery#batteryLevel": {
    "class": "org.eclipse.smarthome.core.thing.link.ItemChannelLink",
    "value": {
      "channelUID": {
        "segments": [
          "shelly",
          "shellyht",
          "f9338e",
          "battery#batteryLevel"
        ]
      },
      "configuration": {
        "properties": {
          "profile": "system:default"
        }
      },
      "itemName": "Shellyht_room2_106_Battery"
    }
  },
  "Shellyht_room9_127_H -\u003e shelly:shellyht:f9385a:sensors#humidity": {
    "class": "org.eclipse.smarthome.core.thing.link.ItemChannelLink",
    "value": {
      "channelUID": {
        "segments": [
          "shelly",
          "shellyht",
          "f9385a",
          "sensors#humidity"
        ]
      },
      "configuration": {
        "properties": {
          "profile": "system:default"
        }
      },
      "itemName": "Shellyht_room9_127_H"
    }
  },
  "Shellyht_f930e1_102_T -\u003e shelly:shellyht:f930e1:sensors#temperature": {
    "class": "org.eclipse.smarthome.core.thing.link.ItemChannelLink",
    "value": {
      "channelUID": {
        "segments": [
          "shelly",
          "shellyht",
          "f930e1",
          "sensors#temperature"
        ]
      },
      "configuration": {
        "properties": {
          "profile": "system:default"
        }
      },
      "itemName": "Shellyht_f930e1_102_T"
    }
  },
  "Shellyht101_T -\u003e shelly:shellyht:f93ba7:sensors#temperature": {
    "class": "org.eclipse.smarthome.core.thing.link.ItemChannelLink",
    "value": {
      "channelUID": {
        "segments": [
          "shelly",
          "shellyht",
          "f93ba7",
          "sensors#temperature"
        ]
      },
      "configuration": {
        "properties": {
          "profile": "system:default"
        }
      },
      "itemName": "Shellyht101_T"
    }
  },
  "Shellyht_room15_144_H -\u003e shelly:shellyht:f93c72:sensors#humidity": {
    "class": "org.eclipse.smarthome.core.thing.link.ItemChannelLink",
    "value": {
      "channelUID": {
        "segments": [
          "shelly",
          "shellyht",
          "f93c72",
          "sensors#humidity"
        ]
      },
      "configuration": {
        "properties": {
          "profile": "system:default"
        }
      },
      "itemName": "Shellyht_room15_144_H"
    }
  },
  "Shellyht_room12_134_Battery -\u003e shelly:shellyht:f93c48:battery#batteryLevel": {
    "class": "org.eclipse.smarthome.core.thing.link.ItemChannelLink",
    "value": {
      "channelUID": {
        "segments": [
          "shelly",
          "shellyht",
          "f93c48",
          "battery#batteryLevel"
        ]
      },
      "configuration": {
        "properties": {
          "profile": "system:default"
        }
      },
      "itemName": "Shellyht_room12_134_Battery"
    }
  },
  "Shellyht_F93b61_100_Battery -\u003e shelly:shellyht:f93b61:battery#batteryLevel": {
    "class": "org.eclipse.smarthome.core.thing.link.ItemChannelLink",
    "value": {
      "channelUID": {
        "segments": [
          "shelly",
          "shellyht",
          "f93b61",
          "battery#batteryLevel"
        ]
      },
      "configuration": {
        "properties": {
          "profile": "system:default"
        }
      },
      "itemName": "Shellyht_F93b61_100_Battery"
    }
  },
  "Shellyht_room12_134_T -\u003e shelly:shellyht:f93c48:sensors#temperature": {
    "class": "org.eclipse.smarthome.core.thing.link.ItemChannelLink",
    "value": {
      "channelUID": {
        "segments": [
          "shelly",
          "shellyht",
          "f93c48",
          "sensors#temperature"
        ]
      },
      "configuration": {
        "properties": {
          "profile": "system:default"
        }
      },
      "itemName": "Shellyht_room12_134_T"
    }
  },
  "Shellyht_room6_118_H -\u003e shelly:shellyht:f93b4f:sensors#humidity": {
    "class": "org.eclipse.smarthome.core.thing.link.ItemChannelLink",
    "value": {
      "channelUID": {
        "segments": [
          "shelly",
          "shellyht",
          "f93b4f",
          "sensors#humidity"
        ]
      },
      "configuration": {
        "properties": {
          "profile": "system:default"
        }
      },
      "itemName": "Shellyht_room6_118_H"
    }
  },
  "Shellyht_room8_122_Battery -\u003e shelly:shellyht:f93b91:battery#batteryLevel": {
    "class": "org.eclipse.smarthome.core.thing.link.ItemChannelLink",
    "value": {
      "channelUID": {
        "segments": [
          "shelly",
          "shellyht",
          "f93b91",
          "battery#batteryLevel"
        ]
      },
      "configuration": {
        "properties": {
          "profile": "system:default"
        }
      },
      "itemName": "Shellyht_room8_122_Battery"
    }
  },
  "Shellyht_room4_110_T -\u003e shelly:shellyht:f939c3:sensors#temperature": {
    "class": "org.eclipse.smarthome.core.thing.link.ItemChannelLink",
    "value": {
      "channelUID": {
        "segments": [
          "shelly",
          "shellyht",
          "f939c3",
          "sensors#temperature"
        ]
      },
      "configuration": {
        "properties": {
          "profile": "system:default"
        }
      },
      "itemName": "Shellyht_room4_110_T"
    }
  },
  "Shellyht_room14_141_H -\u003e shelly:shellyht:f934fa:sensors#humidity": {
    "class": "org.eclipse.smarthome.core.thing.link.ItemChannelLink",
    "value": {
      "channelUID": {
        "segments": [
          "shelly",
          "shellyht",
          "f934fa",
          "sensors#humidity"
        ]
      },
      "configuration": {
        "properties": {
          "profile": "system:default"
        }
      },
      "itemName": "Shellyht_room14_141_H"
    }
  },
  "Shellyht_room11_132_H -\u003e shelly:shellyht:f9333e:sensors#humidity": {
    "class": "org.eclipse.smarthome.core.thing.link.ItemChannelLink",
    "value": {
      "channelUID": {
        "segments": [
          "shelly",
          "shellyht",
          "f9333e",
          "sensors#humidity"
        ]
      },
      "configuration": {
        "properties": {
          "profile": "system:default"
        }
      },
      "itemName": "Shellyht_room11_132_H"
    }
  },
  "Shellyht_F93c0b_101_Battery_ -\u003e shelly:shellyht:f93c0b:battery#batteryLevel": {
    "class": "org.eclipse.smarthome.core.thing.link.ItemChannelLink",
    "value": {
      "channelUID": {
        "segments": [
          "shelly",
          "shellyht",
          "f93c0b",
          "battery#batteryLevel"
        ]
      },
      "configuration": {
        "properties": {
          "profile": "system:default"
        }
      },
      "itemName": "Shellyht_F93c0b_101_Battery_"
    }
  },
  "Shellyht_room10_128_Battery -\u003e shelly:shellyht:f93ca4:battery#batteryLevel": {
    "class": "org.eclipse.smarthome.core.thing.link.ItemChannelLink",
    "value": {
      "channelUID": {
        "segments": [
          "shelly",
          "shellyht",
          "f93ca4",
          "battery#batteryLevel"
        ]
      },
      "configuration": {
        "properties": {
          "profile": "system:default"
        }
      },
      "itemName": "Shellyht_room10_128_Battery"
    }
  },
  "Shellyht_room13_137_H -\u003e shelly:shellyht:f93b78:sensors#humidity": {
    "class": "org.eclipse.smarthome.core.thing.link.ItemChannelLink",
    "value": {
      "channelUID": {
        "segments": [
          "shelly",
          "shellyht",
          "f93b78",
          "sensors#humidity"
        ]
      },
      "configuration": {
        "properties": {
          "profile": "system:default"
        }
      },
      "itemName": "Shellyht_room13_137_H"
    }
  },
  "Shellyht_room14_141_T -\u003e shelly:shellyht:f934fa:sensors#temperature": {
    "class": "org.eclipse.smarthome.core.thing.link.ItemChannelLink",
    "value": {
      "channelUID": {
        "segments": [
          "shelly",
          "shellyht",
          "f934fa",
          "sensors#temperature"
        ]
      },
      "configuration": {
        "properties": {
          "profile": "system:default"
        }
      },
      "itemName": "Shellyht_room14_141_T"
    }
  },
  "Shellyht_room14_140_T -\u003e shelly:shellyht:f93b82:sensors#temperature": {
    "class": "org.eclipse.smarthome.core.thing.link.ItemChannelLink",
    "value": {
      "channelUID": {
        "segments": [
          "shelly",
          "shellyht",
          "f93b82",
          "sensors#temperature"
        ]
      },
      "configuration": {
        "properties": {
          "profile": "system:default"
        }
      },
      "itemName": "Shellyht_room14_140_T"
    }
  },
  "Shellyht_room14_142_Battery -\u003e shelly:shellyht:f93305:battery#batteryLevel": {
    "class": "org.eclipse.smarthome.core.thing.link.ItemChannelLink",
    "value": {
      "channelUID": {
        "segments": [
          "shelly",
          "shellyht",
          "f93305",
          "battery#batteryLevel"
        ]
      },
      "configuration": {
        "properties": {
          "profile": "system:default"
        }
      },
      "itemName": "Shellyht_room14_142_Battery"
    }
  },
  "Shellyht_f930e1_102_Battery -\u003e shelly:shellyht:f930e1:battery#batteryLevel": {
    "class": "org.eclipse.smarthome.core.thing.link.ItemChannelLink",
    "value": {
      "channelUID": {
        "segments": [
          "shelly",
          "shellyht",
          "f930e1",
          "battery#batteryLevel"
        ]
      },
      "configuration": {
        "properties": {
          "profile": "system:default"
        }
      },
      "itemName": "Shellyht_f930e1_102_Battery"
    }
  },
  "Shellyht_room14_142_T -\u003e shelly:shellyht:f93305:sensors#temperature": {
    "class": "org.eclipse.smarthome.core.thing.link.ItemChannelLink",
    "value": {
      "channelUID": {
        "segments": [
          "shelly",
          "shellyht",
          "f93305",
          "sensors#temperature"
        ]
      },
      "configuration": {
        "properties": {
          "profile": "system:default"
        }
      },
      "itemName": "Shellyht_room14_142_T"
    }
  },
  "Shellyht_room6_116_T -\u003e shelly:shellyht:f9326b:sensors#temperature": {
    "class": "org.eclipse.smarthome.core.thing.link.ItemChannelLink",
    "value": {
      "channelUID": {
        "segments": [
          "shelly",
          "shellyht",
          "f9326b",
          "sensors#temperature"
        ]
      },
      "configuration": {
        "properties": {
          "profile": "system:default"
        }
      },
      "itemName": "Shellyht_room6_116_T"
    }
  },
  "Shellyht_room13_138_H -\u003e shelly:shellyht:f939c9:sensors#humidity": {
    "class": "org.eclipse.smarthome.core.thing.link.ItemChannelLink",
    "value": {
      "channelUID": {
        "segments": [
          "shelly",
          "shellyht",
          "f939c9",
          "sensors#humidity"
        ]
      },
      "configuration": {
        "properties": {
          "profile": "system:default"
        }
      },
      "itemName": "Shellyht_room13_138_H"
    }
  },
  "Shellyht_room2_105_Battery -\u003e shelly:shellyht:f93520:battery#batteryLevel": {
    "class": "org.eclipse.smarthome.core.thing.link.ItemChannelLink",
    "value": {
      "channelUID": {
        "segments": [
          "shelly",
          "shellyht",
          "f93520",
          "battery#batteryLevel"
        ]
      },
      "configuration": {
        "properties": {
          "profile": "system:default"
        }
      },
      "itemName": "Shellyht_room2_105_Battery"
    }
  },
  "Shellyht_room8_124_H -\u003e shelly:shellyht:f93ba8:sensors#humidity": {
    "class": "org.eclipse.smarthome.core.thing.link.ItemChannelLink",
    "value": {
      "channelUID": {
        "segments": [
          "shelly",
          "shellyht",
          "f93ba8",
          "sensors#humidity"
        ]
      },
      "configuration": {
        "properties": {
          "profile": "system:default"
        }
      },
      "itemName": "Shellyht_room8_124_H"
    }
  },
  "shellyht_room1_101_Battery -\u003e shelly:shellyht:f93ba7:battery#batteryLevel": {
    "class": "org.eclipse.smarthome.core.thing.link.ItemChannelLink",
    "value": {
      "channelUID": {
        "segments": [
          "shelly",
          "shellyht",
          "f93ba7",
          "battery#batteryLevel"
        ]
      },
      "configuration": {
        "properties": {
          "profile": "system:default"
        }
      },
      "itemName": "shellyht_room1_101_Battery"
    }
  },
  "Shellyht_room11_132_T -\u003e shelly:shellyht:f9333e:sensors#temperature": {
    "class": "org.eclipse.smarthome.core.thing.link.ItemChannelLink",
    "value": {
      "channelUID": {
        "segments": [
          "shelly",
          "shellyht",
          "f9333e",
          "sensors#temperature"
        ]
      },
      "configuration": {
        "properties": {
          "profile": "system:default"
        }
      },
      "itemName": "Shellyht_room11_132_T"
    }
  },
  "Shellyht_F93c0b_101_H -\u003e shelly:shellyht:f93c0b:sensors#humidity": {
    "class": "org.eclipse.smarthome.core.thing.link.ItemChannelLink",
    "value": {
      "channelUID": {
        "segments": [
          "shelly",
          "shellyht",
          "f93c0b",
          "sensors#humidity"
        ]
      },
      "configuration": {
        "properties": {
          "profile": "system:default"
        }
      },
      "itemName": "Shellyht_F93c0b_101_H"
    }
  },
  "ModbusData_LastErroringWrite -\u003e modbus:data:52d0d078:lastWriteError": {
    "class": "org.eclipse.smarthome.core.thing.link.ItemChannelLink",
    "value": {
      "channelUID": {
        "segments": [
          "modbus",
          "data",
          "52d0d078",
          "lastWriteError"
        ]
      },
      "configuration": {
        "properties": {
          "profile": "system:default"
        }
      },
      "itemName": "ModbusData_LastErroringWrite"
    }
  },
  "Shellyht_room13_137_Battery -\u003e shelly:shellyht:f93b78:battery#batteryLevel": {
    "class": "org.eclipse.smarthome.core.thing.link.ItemChannelLink",
    "value": {
      "channelUID": {
        "segments": [
          "shelly",
          "shellyht",
          "f93b78",
          "battery#batteryLevel"
        ]
      },
      "configuration": {
        "properties": {
          "profile": "system:default"
        }
      },
      "itemName": "Shellyht_room13_137_Battery"
    }
  },
  "Shellyht_room2_105_H -\u003e shelly:shellyht:f93520:sensors#humidity": {
    "class": "org.eclipse.smarthome.core.thing.link.ItemChannelLink",
    "value": {
      "channelUID": {
        "segments": [
          "shelly",
          "shellyht",
          "f93520",
          "sensors#humidity"
        ]
      },
      "configuration": {
        "properties": {
          "profile": "system:default"
        }
      },
      "itemName": "Shellyht_room2_105_H"
    }
  },
  "Shellyht_room2_104_h -\u003e shelly:shellyht:f9381b:sensors#humidity": {
    "class": "org.eclipse.smarthome.core.thing.link.ItemChannelLink",
    "value": {
      "channelUID": {
        "segments": [
          "shelly",
          "shellyht",
          "f9381b",
          "sensors#humidity"
        ]
      },
      "configuration": {
        "properties": {
          "profile": "system:default"
        }
      },
      "itemName": "Shellyht_room2_104_h"
    }
  },
  "Shellyht_room12_135_H -\u003e shelly:shellyht:f939d3:sensors#humidity": {
    "class": "org.eclipse.smarthome.core.thing.link.ItemChannelLink",
    "value": {
      "channelUID": {
        "segments": [
          "shelly",
          "shellyht",
          "f939d3",
          "sensors#humidity"
        ]
      },
      "configuration": {
        "properties": {
          "profile": "system:default"
        }
      },
      "itemName": "Shellyht_room12_135_H"
    }
  },
  "Shellyht_room3_109_T -\u003e shelly:shellyht:f93c0a:sensors#temperature": {
    "class": "org.eclipse.smarthome.core.thing.link.ItemChannelLink",
    "value": {
      "channelUID": {
        "segments": [
          "shelly",
          "shellyht",
          "f93c0a",
          "sensors#temperature"
        ]
      },
      "configuration": {
        "properties": {
          "profile": "system:default"
        }
      },
      "itemName": "Shellyht_room3_109_T"
    }
  },
  "Shellyht_room4_111_Battery -\u003e shelly:shellyht:f937a8:battery#batteryLevel": {
    "class": "org.eclipse.smarthome.core.thing.link.ItemChannelLink",
    "value": {
      "channelUID": {
        "segments": [
          "shelly",
          "shellyht",
          "f937a8",
          "battery#batteryLevel"
        ]
      },
      "configuration": {
        "properties": {
          "profile": "system:default"
        }
      },
      "itemName": "Shellyht_room4_111_Battery"
    }
  },
  "Shellyht_room3_108_T -\u003e shelly:shellyht:f937a3:sensors#temperature": {
    "class": "org.eclipse.smarthome.core.thing.link.ItemChannelLink",
    "value": {
      "channelUID": {
        "segments": [
          "shelly",
          "shellyht",
          "f937a3",
          "sensors#temperature"
        ]
      },
      "configuration": {
        "properties": {
          "profile": "system:default"
        }
      },
      "itemName": "Shellyht_room3_108_T"
    }
  },
  "Shellyht_room8_123_Battery -\u003e shelly:shellyht:f937a6:battery#batteryLevel": {
    "class": "org.eclipse.smarthome.core.thing.link.ItemChannelLink",
    "value": {
      "channelUID": {
        "segments": [
          "shelly",
          "shellyht",
          "f937a6",
          "battery#batteryLevel"
        ]
      },
      "configuration": {
        "properties": {
          "profile": "system:default"
        }
      },
      "itemName": "Shellyht_room8_123_Battery"
    }
  },
  "Shellyrgbw2_F44323_123_White -\u003e shelly:shellyrgbw2-white:f44323:channel4#brightness": {
    "class": "org.eclipse.smarthome.core.thing.link.ItemChannelLink",
    "value": {
      "channelUID": {
        "segments": [
          "shelly",
          "shellyrgbw2-white",
          "f44323",
          "channel4#brightness"
        ]
      },
      "configuration": {
        "properties": {
          "profile": "system:default"
        }
      },
      "itemName": "Shellyrgbw2_F44323_123_White"
    }
  },
  "Shellyht_room6_118_Battery -\u003e shelly:shellyht:f93b4f:battery#batteryLevel": {
    "class": "org.eclipse.smarthome.core.thing.link.ItemChannelLink",
    "value": {
      "channelUID": {
        "segments": [
          "shelly",
          "shellyht",
          "f93b4f",
          "battery#batteryLevel"
        ]
      },
      "configuration": {
        "properties": {
          "profile": "system:default"
        }
      },
      "itemName": "Shellyht_room6_118_Battery"
    }
  },
  "Shellyht_room2_106_T -\u003e shelly:shellyht:f9338e:sensors#temperature": {
    "class": "org.eclipse.smarthome.core.thing.link.ItemChannelLink",
    "value": {
      "channelUID": {
        "segments": [
          "shelly",
          "shellyht",
          "f9338e",
          "sensors#temperature"
        ]
      },
      "configuration": {
        "properties": {
          "profile": "system:default"
        }
      },
      "itemName": "Shellyht_room2_106_T"
    }
  },
  "Shellyht_room9_127_Battery -\u003e shelly:shellyht:f9385a:battery#batteryLevel": {
    "class": "org.eclipse.smarthome.core.thing.link.ItemChannelLink",
    "value": {
      "channelUID": {
        "segments": [
          "shelly",
          "shellyht",
          "f9385a",
          "battery#batteryLevel"
        ]
      },
      "configuration": {
        "properties": {
          "profile": "system:default"
        }
      },
      "itemName": "Shellyht_room9_127_Battery"
    }
  },
  "Shellyht101_Signal -\u003e shelly:shellyht:f93ba7:device#wifiSignal": {
    "class": "org.eclipse.smarthome.core.thing.link.ItemChannelLink",
    "value": {
      "channelUID": {
        "segments": [
          "shelly",
          "shellyht",
          "f93ba7",
          "device#wifiSignal"
        ]
      },
      "configuration": {
        "properties": {
          "profile": "system:default"
        }
      },
      "itemName": "Shellyht101_Signal"
    }
  },
  "Shellyht_room7_121_H -\u003e shelly:shellyht:f93267:sensors#humidity": {
    "class": "org.eclipse.smarthome.core.thing.link.ItemChannelLink",
    "value": {
      "channelUID": {
        "segments": [
          "shelly",
          "shellyht",
          "f93267",
          "sensors#humidity"
        ]
      },
      "configuration": {
        "properties": {
          "profile": "system:default"
        }
      },
      "itemName": "Shellyht_room7_121_H"
    }
  },
  "Shellyht_room12_134_H -\u003e shelly:shellyht:f93c48:sensors#humidity": {
    "class": "org.eclipse.smarthome.core.thing.link.ItemChannelLink",
    "value": {
      "channelUID": {
        "segments": [
          "shelly",
          "shellyht",
          "f93c48",
          "sensors#humidity"
        ]
      },
      "configuration": {
        "properties": {
          "profile": "system:default"
        }
      },
      "itemName": "Shellyht_room12_134_H"
    }
  },
  "Shellyht_room13_137_T -\u003e shelly:shellyht:f93b78:sensors#temperature": {
    "class": "org.eclipse.smarthome.core.thing.link.ItemChannelLink",
    "value": {
      "channelUID": {
        "segments": [
          "shelly",
          "shellyht",
          "f93b78",
          "sensors#temperature"
        ]
      },
      "configuration": {
        "properties": {
          "profile": "system:default"
        }
      },
      "itemName": "Shellyht_room13_137_T"
    }
  },
  "Shellyrgbw2_F44323_123_Channel3_Color -\u003e shelly:shellyrgbw2-white:f44323:channel3#brightness": {
    "class": "org.eclipse.smarthome.core.thing.link.ItemChannelLink",
    "value": {
      "channelUID": {
        "segments": [
          "shelly",
          "shellyrgbw2-white",
          "f44323",
          "channel3#brightness"
        ]
      },
      "configuration": {
        "properties": {
          "profile": "system:default"
        }
      },
      "itemName": "Shellyrgbw2_F44323_123_Channel3_Color"
    }
  },
  "Shellyht_room13_139_H -\u003e shelly:shellyht:f93395:sensors#humidity": {
    "class": "org.eclipse.smarthome.core.thing.link.ItemChannelLink",
    "value": {
      "channelUID": {
        "segments": [
          "shelly",
          "shellyht",
          "f93395",
          "sensors#humidity"
        ]
      },
      "configuration": {
        "properties": {
          "profile": "system:default"
        }
      },
      "itemName": "Shellyht_room13_139_H"
    }
  },
  "Shellyht_room1_103_H -\u003e shelly:shellyht:f936c9:sensors#humidity": {
    "class": "org.eclipse.smarthome.core.thing.link.ItemChannelLink",
    "value": {
      "channelUID": {
        "segments": [
          "shelly",
          "shellyht",
          "f936c9",
          "sensors#humidity"
        ]
      },
      "configuration": {
        "properties": {
          "profile": "system:default"
        }
      },
      "itemName": "Shellyht_room1_103_H"
    }
  },
  "Shellyht_F93b61_100_H -\u003e shelly:shellyht:f93b61:sensors#humidity": {
    "class": "org.eclipse.smarthome.core.thing.link.ItemChannelLink",
    "value": {
      "channelUID": {
        "segments": [
          "shelly",
          "shellyht",
          "f93b61",
          "sensors#humidity"
        ]
      },
      "configuration": {
        "properties": {
          "profile": "system:default"
        }
      },
      "itemName": "Shellyht_F93b61_100_H"
    }
  },
  "Shellyht_room14_140_Battery -\u003e shelly:shellyht:f93b82:battery#batteryLevel": {
    "class": "org.eclipse.smarthome.core.thing.link.ItemChannelLink",
    "value": {
      "channelUID": {
        "segments": [
          "shelly",
          "shellyht",
          "f93b82",
          "battery#batteryLevel"
        ]
      },
      "configuration": {
        "properties": {
          "profile": "system:default"
        }
      },
      "itemName": "Shellyht_room14_140_Battery"
    }
  },
  "Shellyht_room6_117_H -\u003e shelly:shellyht:f931d5:sensors#humidity": {
    "class": "org.eclipse.smarthome.core.thing.link.ItemChannelLink",
    "value": {
      "channelUID": {
        "segments": [
          "shelly",
          "shellyht",
          "f931d5",
          "sensors#humidity"
        ]
      },
      "configuration": {
        "properties": {
          "profile": "system:default"
        }
      },
      "itemName": "Shellyht_room6_117_H"
    }
  },
  "shellyht_room1_103_Battery -\u003e shelly:shellyht:f936c9:battery#batteryLevel": {
    "class": "org.eclipse.smarthome.core.thing.link.ItemChannelLink",
    "value": {
      "channelUID": {
        "segments": [
          "shelly",
          "shellyht",
          "f936c9",
          "battery#batteryLevel"
        ]
      },
      "configuration": {
        "properties": {
          "profile": "system:default"
        }
      },
      "itemName": "shellyht_room1_103_Battery"
    }
  },
  "Shellyht_room1_103_Signal -\u003e shelly:shellyht:f936c9:device#wifiSignal": {
    "class": "org.eclipse.smarthome.core.thing.link.ItemChannelLink",
    "value": {
      "channelUID": {
        "segments": [
          "shelly",
          "shellyht",
          "f936c9",
          "device#wifiSignal"
        ]
      },
      "configuration": {
        "properties": {
          "profile": "system:default"
        }
      },
      "itemName": "Shellyht_room1_103_Signal"
    }
  },
  "Shellyht_room10_130_T -\u003e shelly:shellyht:f93c6e:sensors#temperature": {
    "class": "org.eclipse.smarthome.core.thing.link.ItemChannelLink",
    "value": {
      "channelUID": {
        "segments": [
          "shelly",
          "shellyht",
          "f93c6e",
          "sensors#temperature"
        ]
      },
      "configuration": {
        "properties": {
          "profile": "system:default"
        }
      },
      "itemName": "Shellyht_room10_130_T"
    }
  },
  "Shellyht_room1_102_Signal -\u003e shelly:shellyht:f9384b:device#wifiSignal": {
    "class": "org.eclipse.smarthome.core.thing.link.ItemChannelLink",
    "value": {
      "channelUID": {
        "segments": [
          "shelly",
          "shellyht",
          "f9384b",
          "device#wifiSignal"
        ]
      },
      "configuration": {
        "properties": {
          "profile": "system:default"
        }
      },
      "itemName": "Shellyht_room1_102_Signal"
    }
  },
  "Shellyht_room9_126_H -\u003e shelly:shellyht:f93b5c:sensors#humidity": {
    "class": "org.eclipse.smarthome.core.thing.link.ItemChannelLink",
    "value": {
      "channelUID": {
        "segments": [
          "shelly",
          "shellyht",
          "f93b5c",
          "sensors#humidity"
        ]
      },
      "configuration": {
        "properties": {
          "profile": "system:default"
        }
      },
      "itemName": "Shellyht_room9_126_H"
    }
  },
  "Shellyht_room11_131_T -\u003e shelly:shellyht:f93bb2:sensors#temperature": {
    "class": "org.eclipse.smarthome.core.thing.link.ItemChannelLink",
    "value": {
      "channelUID": {
        "segments": [
          "shelly",
          "shellyht",
          "f93bb2",
          "sensors#temperature"
        ]
      },
      "configuration": {
        "properties": {
          "profile": "system:default"
        }
      },
      "itemName": "Shellyht_room11_131_T"
    }
  },
  "Shellyht_room2_107_T -\u003e shelly:shellyht:f93c06:sensors#temperature": {
    "class": "org.eclipse.smarthome.core.thing.link.ItemChannelLink",
    "value": {
      "channelUID": {
        "segments": [
          "shelly",
          "shellyht",
          "f93c06",
          "sensors#temperature"
        ]
      },
      "configuration": {
        "properties": {
          "profile": "system:default"
        }
      },
      "itemName": "Shellyht_room2_107_T"
    }
  },
  "Shellyht_room9_126_T -\u003e shelly:shellyht:f93b5c:sensors#temperature": {
    "class": "org.eclipse.smarthome.core.thing.link.ItemChannelLink",
    "value": {
      "channelUID": {
        "segments": [
          "shelly",
          "shellyht",
          "f93b5c",
          "sensors#temperature"
        ]
      },
      "configuration": {
        "properties": {
          "profile": "system:default"
        }
      },
      "itemName": "Shellyht_room9_126_T"
    }
  },
  "Shellyht_room15_143_T -\u003e shelly:shellyht:f93b59:sensors#temperature": {
    "class": "org.eclipse.smarthome.core.thing.link.ItemChannelLink",
    "value": {
      "channelUID": {
        "segments": [
          "shelly",
          "shellyht",
          "f93b59",
          "sensors#temperature"
        ]
      },
      "configuration": {
        "properties": {
          "profile": "system:default"
        }
      },
      "itemName": "Shellyht_room15_143_T"
    }
  },
  "Shellyht_room9_125_Battery -\u003e shelly:shellyht:f93c41:battery#batteryLevel": {
    "class": "org.eclipse.smarthome.core.thing.link.ItemChannelLink",
    "value": {
      "channelUID": {
        "segments": [
          "shelly",
          "shellyht",
          "f93c41",
          "battery#batteryLevel"
        ]
      },
      "configuration": {
        "properties": {
          "profile": "system:default"
        }
      },
      "itemName": "Shellyht_room9_125_Battery"
    }
  },
  "Shellyht_room11_131_Battery -\u003e shelly:shellyht:f93bb2:battery#batteryLevel": {
    "class": "org.eclipse.smarthome.core.thing.link.ItemChannelLink",
    "value": {
      "channelUID": {
        "segments": [
          "shelly",
          "shellyht",
          "f93bb2",
          "battery#batteryLevel"
        ]
      },
      "configuration": {
        "properties": {
          "profile": "system:default"
        }
      },
      "itemName": "Shellyht_room11_131_Battery"
    }
  },
  "Shellyht_room3_109_Battery -\u003e shelly:shellyht:f93c0a:battery#batteryLevel": {
    "class": "org.eclipse.smarthome.core.thing.link.ItemChannelLink",
    "value": {
      "channelUID": {
        "segments": [
          "shelly",
          "shellyht",
          "f93c0a",
          "battery#batteryLevel"
        ]
      },
      "configuration": {
        "properties": {
          "profile": "system:default"
        }
      },
      "itemName": "Shellyht_room3_109_Battery"
    }
  },
  "Shellyht_room15_143_Battery -\u003e shelly:shellyht:f93b59:battery#batteryLevel": {
    "class": "org.eclipse.smarthome.core.thing.link.ItemChannelLink",
    "value": {
      "channelUID": {
        "segments": [
          "shelly",
          "shellyht",
          "f93b59",
          "battery#batteryLevel"
        ]
      },
      "configuration": {
        "properties": {
          "profile": "system:default"
        }
      },
      "itemName": "Shellyht_room15_143_Battery"
    }
  },
  "Shellyht_room4_110_Battery -\u003e shelly:shellyht:f939c3:battery#batteryLevel": {
    "class": "org.eclipse.smarthome.core.thing.link.ItemChannelLink",
    "value": {
      "channelUID": {
        "segments": [
          "shelly",
          "shellyht",
          "f939c3",
          "battery#batteryLevel"
        ]
      },
      "configuration": {
        "properties": {
          "profile": "system:default"
        }
      },
      "itemName": "Shellyht_room4_110_Battery"
    }
  },
  "Shellyht_room15_144_T -\u003e shelly:shellyht:f93c72:sensors#temperature": {
    "class": "org.eclipse.smarthome.core.thing.link.ItemChannelLink",
    "value": {
      "channelUID": {
        "segments": [
          "shelly",
          "shellyht",
          "f93c72",
          "sensors#temperature"
        ]
      },
      "configuration": {
        "properties": {
          "profile": "system:default"
        }
      },
      "itemName": "Shellyht_room15_144_T"
    }
  },
  "Shellyht_room8_123_T -\u003e shelly:shellyht:f937a6:sensors#temperature": {
    "class": "org.eclipse.smarthome.core.thing.link.ItemChannelLink",
    "value": {
      "channelUID": {
        "segments": [
          "shelly",
          "shellyht",
          "f937a6",
          "sensors#temperature"
        ]
      },
      "configuration": {
        "properties": {
          "profile": "system:default"
        }
      },
      "itemName": "Shellyht_room8_123_T"
    }
  },
  "Shellyht_room8_124_T -\u003e shelly:shellyht:f93ba8:sensors#temperature": {
    "class": "org.eclipse.smarthome.core.thing.link.ItemChannelLink",
    "value": {
      "channelUID": {
        "segments": [
          "shelly",
          "shellyht",
          "f93ba8",
          "sensors#temperature"
        ]
      },
      "configuration": {
        "properties": {
          "profile": "system:default"
        }
      },
      "itemName": "Shellyht_room8_124_T"
    }
  },
  "Shellyht_room11_132_Battery -\u003e shelly:shellyht:f9333e:battery#batteryLevel": {
    "class": "org.eclipse.smarthome.core.thing.link.ItemChannelLink",
    "value": {
      "channelUID": {
        "segments": [
          "shelly",
          "shellyht",
          "f9333e",
          "battery#batteryLevel"
        ]
      },
      "configuration": {
        "properties": {
          "profile": "system:default"
        }
      },
      "itemName": "Shellyht_room11_132_Battery"
    }
  },
  "Shellyht_room12_135_T -\u003e shelly:shellyht:f939d3:sensors#temperature": {
    "class": "org.eclipse.smarthome.core.thing.link.ItemChannelLink",
    "value": {
      "channelUID": {
        "segments": [
          "shelly",
          "shellyht",
          "f939d3",
          "sensors#temperature"
        ]
      },
      "configuration": {
        "properties": {
          "profile": "system:default"
        }
      },
      "itemName": "Shellyht_room12_135_T"
    }
  },
  "Shellyht_room11_131_H -\u003e shelly:shellyht:f93bb2:sensors#humidity": {
    "class": "org.eclipse.smarthome.core.thing.link.ItemChannelLink",
    "value": {
      "channelUID": {
        "segments": [
          "shelly",
          "shellyht",
          "f93bb2",
          "sensors#humidity"
        ]
      },
      "configuration": {
        "properties": {
          "profile": "system:default"
        }
      },
      "itemName": "Shellyht_room11_131_H"
    }
  },
  "Shellyht_room7_121_Battery -\u003e shelly:shellyht:f93267:battery#batteryLevel": {
    "class": "org.eclipse.smarthome.core.thing.link.ItemChannelLink",
    "value": {
      "channelUID": {
        "segments": [
          "shelly",
          "shellyht",
          "f93267",
          "battery#batteryLevel"
        ]
      },
      "configuration": {
        "properties": {
          "profile": "system:default"
        }
      },
      "itemName": "Shellyht_room7_121_Battery"
    }
  },
  "Shellyht_room1_102_Battery -\u003e shelly:shellyht:f9384b:battery#batteryLevel": {
    "class": "org.eclipse.smarthome.core.thing.link.ItemChannelLink",
    "value": {
      "channelUID": {
        "segments": [
          "shelly",
          "shellyht",
          "f9384b",
          "battery#batteryLevel"
        ]
      },
      "configuration": {
        "properties": {
          "profile": "system:default"
        }
      },
      "itemName": "Shellyht_room1_102_Battery"
    }
  },
  "Shellyht_room6_118_T -\u003e shelly:shellyht:f93b4f:sensors#temperature": {
    "class": "org.eclipse.smarthome.core.thing.link.ItemChannelLink",
    "value": {
      "channelUID": {
        "segments": [
          "shelly",
          "shellyht",
          "f93b4f",
          "sensors#temperature"
        ]
      },
      "configuration": {
        "properties": {
          "profile": "system:default"
        }
      },
      "itemName": "Shellyht_room6_118_T"
    }
  },
  "Shellyht_room2_104_T -\u003e shelly:shellyht:f9381b:sensors#temperature": {
    "class": "org.eclipse.smarthome.core.thing.link.ItemChannelLink",
    "value": {
      "channelUID": {
        "segments": [
          "shelly",
          "shellyht",
          "f9381b",
          "sensors#temperature"
        ]
      },
      "configuration": {
        "properties": {
          "profile": "system:default"
        }
      },
      "itemName": "Shellyht_room2_104_T"
    }
  },
  "Shellyht_room4_112_Battery -\u003e shelly:shellyht:f93be4:battery#batteryLevel": {
    "class": "org.eclipse.smarthome.core.thing.link.ItemChannelLink",
    "value": {
      "channelUID": {
        "segments": [
          "shelly",
          "shellyht",
          "f93be4",
          "battery#batteryLevel"
        ]
      },
      "configuration": {
        "properties": {
          "profile": "system:default"
        }
      },
      "itemName": "Shellyht_room4_112_Battery"
    }
  },
  "Shellyht_room7_119_T -\u003e shelly:shellyht:f93b69:sensors#temperature": {
    "class": "org.eclipse.smarthome.core.thing.link.ItemChannelLink",
    "value": {
      "channelUID": {
        "segments": [
          "shelly",
          "shellyht",
          "f93b69",
          "sensors#temperature"
        ]
      },
      "configuration": {
        "properties": {
          "profile": "system:default"
        }
      },
      "itemName": "Shellyht_room7_119_T"
    }
  },
  "Shellyht_room12_136_T -\u003e shelly:shellyht:f2b3ce:sensors#temperature": {
    "class": "org.eclipse.smarthome.core.thing.link.ItemChannelLink",
    "value": {
      "channelUID": {
        "segments": [
          "shelly",
          "shellyht",
          "f2b3ce",
          "sensors#temperature"
        ]
      },
      "configuration": {
        "properties": {
          "profile": "system:default"
        }
      },
      "itemName": "Shellyht_room12_136_T"
    }
  },
  "Shellyht_room4_112_T -\u003e shelly:shellyht:f93be4:sensors#temperature": {
    "class": "org.eclipse.smarthome.core.thing.link.ItemChannelLink",
    "value": {
      "channelUID": {
        "segments": [
          "shelly",
          "shellyht",
          "f93be4",
          "sensors#temperature"
        ]
      },
      "configuration": {
        "properties": {
          "profile": "system:default"
        }
      },
      "itemName": "Shellyht_room4_112_T"
    }
  },
  "Shellyht_room4_112_H -\u003e shelly:shellyht:f93be4:sensors#humidity": {
    "class": "org.eclipse.smarthome.core.thing.link.ItemChannelLink",
    "value": {
      "channelUID": {
        "segments": [
          "shelly",
          "shellyht",
          "f93be4",
          "sensors#humidity"
        ]
      },
      "configuration": {
        "properties": {
          "profile": "system:default"
        }
      },
      "itemName": "Shellyht_room4_112_H"
    }
  },
  "Shellyht_room7_119_H -\u003e shelly:shellyht:f93b69:sensors#humidity": {
    "class": "org.eclipse.smarthome.core.thing.link.ItemChannelLink",
    "value": {
      "channelUID": {
        "segments": [
          "shelly",
          "shellyht",
          "f93b69",
          "sensors#humidity"
        ]
      },
      "configuration": {
        "properties": {
          "profile": "system:default"
        }
      },
      "itemName": "Shellyht_room7_119_H"
    }
  },
  "Shellyht_room1_102_T -\u003e shelly:shellyht:f9384b:sensors#temperature": {
    "class": "org.eclipse.smarthome.core.thing.link.ItemChannelLink",
    "value": {
      "channelUID": {
        "segments": [
          "shelly",
          "shellyht",
          "f9384b",
          "sensors#temperature"
        ]
      },
      "configuration": {
        "properties": {
          "profile": "system:default"
        }
      },
      "itemName": "Shellyht_room1_102_T"
    }
  },
  "Shellyht_room8_122_T -\u003e shelly:shellyht:f93b91:sensors#temperature": {
    "class": "org.eclipse.smarthome.core.thing.link.ItemChannelLink",
    "value": {
      "channelUID": {
        "segments": [
          "shelly",
          "shellyht",
          "f93b91",
          "sensors#temperature"
        ]
      },
      "configuration": {
        "properties": {
          "profile": "system:default"
        }
      },
      "itemName": "Shellyht_room8_122_T"
    }
  },
  "Shellyht_room3_108_Battery -\u003e shelly:shellyht:f937a3:battery#batteryLevel": {
    "class": "org.eclipse.smarthome.core.thing.link.ItemChannelLink",
    "value": {
      "channelUID": {
        "segments": [
          "shelly",
          "shellyht",
          "f937a3",
          "battery#batteryLevel"
        ]
      },
      "configuration": {
        "properties": {
          "profile": "system:default"
        }
      },
      "itemName": "Shellyht_room3_108_Battery"
    }
  },
  "Shellyht_room5_115_T -\u003e shelly:shellyht:f93227:sensors#temperature": {
    "class": "org.eclipse.smarthome.core.thing.link.ItemChannelLink",
    "value": {
      "channelUID": {
        "segments": [
          "shelly",
          "shellyht",
          "f93227",
          "sensors#temperature"
        ]
      },
      "configuration": {
        "properties": {
          "profile": "system:default"
        }
      },
      "itemName": "Shellyht_room5_115_T"
    }
  },
  "Shellyht_room6_117_Battery -\u003e shelly:shellyht:f931d5:battery#batteryLevel": {
    "class": "org.eclipse.smarthome.core.thing.link.ItemChannelLink",
    "value": {
      "channelUID": {
        "segments": [
          "shelly",
          "shellyht",
          "f931d5",
          "battery#batteryLevel"
        ]
      },
      "configuration": {
        "properties": {
          "profile": "system:default"
        }
      },
      "itemName": "Shellyht_room6_117_Battery"
    }
  },
  "Shellyht_room12_136_Battery -\u003e shelly:shellyht:f2b3ce:battery#batteryLevel": {
    "class": "org.eclipse.smarthome.core.thing.link.ItemChannelLink",
    "value": {
      "channelUID": {
        "segments": [
          "shelly",
          "shellyht",
          "f2b3ce",
          "battery#batteryLevel"
        ]
      },
      "configuration": {
        "properties": {
          "profile": "system:default"
        }
      },
      "itemName": "Shellyht_room12_136_Battery"
    }
  },
  "Shellyht101_Signal -\u003e shelly:shellyht:f930e1:device#wifiSignal": {
    "class": "org.eclipse.smarthome.core.thing.link.ItemChannelLink",
    "value": {
      "channelUID": {
        "segments": [
          "shelly",
          "shellyht",
          "f930e1",
          "device#wifiSignal"
        ]
      },
      "configuration": {
        "properties": {
          "profile": "system:default"
        }
      },
      "itemName": "Shellyht101_Signal"
    }
  },
  "Shellyht_room5_113_H -\u003e shelly:shellyht:f93ba2:sensors#humidity": {
    "class": "org.eclipse.smarthome.core.thing.link.ItemChannelLink",
    "value": {
      "channelUID": {
        "segments": [
          "shelly",
          "shellyht",
          "f93ba2",
          "sensors#humidity"
        ]
      },
      "configuration": {
        "properties": {
          "profile": "system:default"
        }
      },
      "itemName": "Shellyht_room5_113_H"
    }
  },
  "Shellyht_room4_111_H -\u003e shelly:shellyht:f937a8:sensors#humidity": {
    "class": "org.eclipse.smarthome.core.thing.link.ItemChannelLink",
    "value": {
      "channelUID": {
        "segments": [
          "shelly",
          "shellyht",
          "f937a8",
          "sensors#humidity"
        ]
      },
      "configuration": {
        "properties": {
          "profile": "system:default"
        }
      },
      "itemName": "Shellyht_room4_111_H"
    }
  },
  "Shellyht_room1_103_T -\u003e shelly:shellyht:f936c9:sensors#temperature": {
    "class": "org.eclipse.smarthome.core.thing.link.ItemChannelLink",
    "value": {
      "channelUID": {
        "segments": [
          "shelly",
          "shellyht",
          "f936c9",
          "sensors#temperature"
        ]
      },
      "configuration": {
        "properties": {
          "profile": "system:default"
        }
      },
      "itemName": "Shellyht_room1_103_T"
    }
  },
  "Shellyht_room14_140_H -\u003e shelly:shellyht:f93b82:sensors#humidity": {
    "class": "org.eclipse.smarthome.core.thing.link.ItemChannelLink",
    "value": {
      "channelUID": {
        "segments": [
          "shelly",
          "shellyht",
          "f93b82",
          "sensors#humidity"
        ]
      },
      "configuration": {
        "properties": {
          "profile": "system:default"
        }
      },
      "itemName": "Shellyht_room14_140_H"
    }
  },
  "Shellyht_room4_111_T -\u003e shelly:shellyht:f937a8:sensors#temperature": {
    "class": "org.eclipse.smarthome.core.thing.link.ItemChannelLink",
    "value": {
      "channelUID": {
        "segments": [
          "shelly",
          "shellyht",
          "f937a8",
          "sensors#temperature"
        ]
      },
      "configuration": {
        "properties": {
          "profile": "system:default"
        }
      },
      "itemName": "Shellyht_room4_111_T"
    }
  },
  "Shellyht_room9_127_T -\u003e shelly:shellyht:f9385a:sensors#temperature": {
    "class": "org.eclipse.smarthome.core.thing.link.ItemChannelLink",
    "value": {
      "channelUID": {
        "segments": [
          "shelly",
          "shellyht",
          "f9385a",
          "sensors#temperature"
        ]
      },
      "configuration": {
        "properties": {
          "profile": "system:default"
        }
      },
      "itemName": "Shellyht_room9_127_T"
    }
  }
}