{
  "shelly:shellyht:f93388": {
    "class": "org.eclipse.smarthome.config.discovery.internal.DiscoveryResultImpl",
    "value": {
      "thingUID": {
        "segments": [
          "shelly",
          "shellyht",
          "f93388"
        ]
      },
      "thingTypeUID": {
        "segments": [
          "shelly",
          "shellyht"
        ]
      },
      "properties": {
        "deviceType": "shellyht",
        "deviceIp": "192.168.0.145",
        "modelId": "SHHT-1",
        "numberMeters": "0",
        "serviceName": "shellyht-f93388",
        "deviceName": "",
        "numberRollers": "0",
        "macAddress": "6AC63AF93388",
        "deviceMode": "",
        "numberRelays": "0",
        "devUpdatePeriod": "11400",
        "vendor": "Shelly",
        "firmwareVersion": "/20181128-144724()"
      },
      "representationProperty": "shellyht-f93388",
      "flag": "NEW",
      "label": "shellyht-f93388 - 192.168.0.145",
      "timestamp": 1604655972806,
      "timeToLive": -1
    }
  }
}