{
  "shelly:shellyht:f93388": {
    "class": "org.eclipse.smarthome.config.discovery.internal.DiscoveryResultImpl",
    "value": {
      "thingUID": {
        "segments": [
          "shelly",
          "shellyht",
          "f93388"
        ]
      },
      "thingTypeUID": {
        "segments": [
          "shelly",
          "shellyht"
        ]
      },
      "properties": {
        "deviceType": "shellyht",
        "deviceIp": "192.168.0.145",
        "modelId": "SHHT-1",
        "numberMeters": "0",
        "serviceName": "shellyht-f93388",
        "deviceName": "shellyht_room15_145",
        "numberRollers": "0",
        "macAddress": "68C63AF93388",
        "deviceMode": "",
        "numberRelays": "0",
        "devUpdatePeriod": "43800",
        "vendor": "Shelly",
        "firmwareVersion": "v1.8.0/20200812-091311(8acf41b0)"
      },
      "representationProperty": "shellyht-f93388",
      "flag": "NEW",
      "label": "shellyht_room15_145 (shellyht-f93388@192.168.0.145)",
      "timestamp": 1604656089719,
      "timeToLive": -1
    }
  }
}