{
  "autoupdate:Shellyht_room3_3_T": {
    "class": "org.eclipse.smarthome.core.items.Metadata",
    "value": {
      "key": {
        "segments": [
          "autoupdate",
          "Shellyht_room3_3_T"
        ]
      },
      "value": "true",
      "configuration": {}
    }
  },
  "autoupdate:Shellyht_room3_3_H": {
    "class": "org.eclipse.smarthome.core.items.Metadata",
    "value": {
      "key": {
        "segments": [
          "autoupdate",
          "Shellyht_room3_3_H"
        ]
      },
      "value": "true",
      "configuration": {}
    }
  },
  "autoupdate:Shellyht_room12_3_H": {
    "class": "org.eclipse.smarthome.core.items.Metadata",
    "value": {
      "key": {
        "segments": [
          "autoupdate",
          "Shellyht_room12_3_H"
        ]
      },
      "value": "true",
      "configuration": {}
    }
  },
  "autoupdate:Shellyht_room12_3_T": {
    "class": "org.eclipse.smarthome.core.items.Metadata",
    "value": {
      "key": {
        "segments": [
          "autoupdate",
          "Shellyht_room12_3_T"
        ]
      },
      "value": "true",
      "configuration": {}
    }
  },
  "autoupdate:Shellyht_room13_1_H": {
    "class": "org.eclipse.smarthome.core.items.Metadata",
    "value": {
      "key": {
        "segments": [
          "autoupdate",
          "Shellyht_room13_1_H"
        ]
      },
      "value": "true",
      "configuration": {}
    }
  },
  "autoupdate:Shellyht_room15_144_H": {
    "class": "org.eclipse.smarthome.core.items.Metadata",
    "value": {
      "key": {
        "segments": [
          "autoupdate",
          "Shellyht_room15_144_H"
        ]
      },
      "value": "true",
      "configuration": {}
    }
  },
  "autoupdate:Shellyht_room13_1_T": {
    "class": "org.eclipse.smarthome.core.items.Metadata",
    "value": {
      "key": {
        "segments": [
          "autoupdate",
          "Shellyht_room13_1_T"
        ]
      },
      "value": "true",
      "configuration": {}
    }
  },
  "autoupdate:Shellyht_room15_144_T": {
    "class": "org.eclipse.smarthome.core.items.Metadata",
    "value": {
      "key": {
        "segments": [
          "autoupdate",
          "Shellyht_room15_144_T"
        ]
      },
      "value": "true",
      "configuration": {}
    }
  },
  "autoupdate:Shellyht_room1_1_Battery": {
    "class": "org.eclipse.smarthome.core.items.Metadata",
    "value": {
      "key": {
        "segments": [
          "autoupdate",
          "Shellyht_room1_1_Battery"
        ]
      },
      "value": "true",
      "configuration": {}
    }
  },
  "autoupdate:Shellyht_room15_3_T": {
    "class": "org.eclipse.smarthome.core.items.Metadata",
    "value": {
      "key": {
        "segments": [
          "autoupdate",
          "Shellyht_room15_3_T"
        ]
      },
      "value": "true",
      "configuration": {}
    }
  },
  "autoupdate:Shellyht_room8_1_T": {
    "class": "org.eclipse.smarthome.core.items.Metadata",
    "value": {
      "key": {
        "segments": [
          "autoupdate",
          "Shellyht_room8_1_T"
        ]
      },
      "value": "true",
      "configuration": {}
    }
  },
  "autoupdate:Shellyht_room8_1_H": {
    "class": "org.eclipse.smarthome.core.items.Metadata",
    "value": {
      "key": {
        "segments": [
          "autoupdate",
          "Shellyht_room8_1_H"
        ]
      },
      "value": "true",
      "configuration": {}
    }
  },
  "autoupdate:Shellyht_room3_2_T": {
    "class": "org.eclipse.smarthome.core.items.Metadata",
    "value": {
      "key": {
        "segments": [
          "autoupdate",
          "Shellyht_room3_2_T"
        ]
      },
      "value": "true",
      "configuration": {}
    }
  },
  "autoupdate:Shellyht_room15_3_H": {
    "class": "org.eclipse.smarthome.core.items.Metadata",
    "value": {
      "key": {
        "segments": [
          "autoupdate",
          "Shellyht_room15_3_H"
        ]
      },
      "value": "true",
      "configuration": {}
    }
  },
  "autoupdate:Shellyht_room3_2_H": {
    "class": "org.eclipse.smarthome.core.items.Metadata",
    "value": {
      "key": {
        "segments": [
          "autoupdate",
          "Shellyht_room3_2_H"
        ]
      },
      "value": "true",
      "configuration": {}
    }
  },
  "autoupdate:Shellyht_room4_1_H": {
    "class": "org.eclipse.smarthome.core.items.Metadata",
    "value": {
      "key": {
        "segments": [
          "autoupdate",
          "Shellyht_room4_1_H"
        ]
      },
      "value": "true",
      "configuration": {}
    }
  },
  "autoupdate:Shellyht_room13_2_H": {
    "class": "org.eclipse.smarthome.core.items.Metadata",
    "value": {
      "key": {
        "segments": [
          "autoupdate",
          "Shellyht_room13_2_H"
        ]
      },
      "value": "true",
      "configuration": {}
    }
  },
  "autoupdate:Shellyht_room13_2_T": {
    "class": "org.eclipse.smarthome.core.items.Metadata",
    "value": {
      "key": {
        "segments": [
          "autoupdate",
          "Shellyht_room13_2_T"
        ]
      },
      "value": "true",
      "configuration": {}
    }
  },
  "autoupdate:Shellyht_room4_1_T": {
    "class": "org.eclipse.smarthome.core.items.Metadata",
    "value": {
      "key": {
        "segments": [
          "autoupdate",
          "Shellyht_room4_1_T"
        ]
      },
      "value": "true",
      "configuration": {}
    }
  },
  "autoupdate:Shellyht_room3_1_T": {
    "class": "org.eclipse.smarthome.core.items.Metadata",
    "value": {
      "key": {
        "segments": [
          "autoupdate",
          "Shellyht_room3_1_T"
        ]
      },
      "value": "true",
      "configuration": {}
    }
  },
  "autoupdate:Shellyht_room10_1_T": {
    "class": "org.eclipse.smarthome.core.items.Metadata",
    "value": {
      "key": {
        "segments": [
          "autoupdate",
          "Shellyht_room10_1_T"
        ]
      },
      "value": "true",
      "configuration": {}
    }
  },
  "autoupdate:Shellyht_room2_3_H": {
    "class": "org.eclipse.smarthome.core.items.Metadata",
    "value": {
      "key": {
        "segments": [
          "autoupdate",
          "Shellyht_room2_3_H"
        ]
      },
      "value": "true",
      "configuration": {}
    }
  },
  "autoupdate:Shellyht_room6_2_H": {
    "class": "org.eclipse.smarthome.core.items.Metadata",
    "value": {
      "key": {
        "segments": [
          "autoupdate",
          "Shellyht_room6_2_H"
        ]
      },
      "value": "true",
      "configuration": {}
    }
  },
  "autoupdate:Shellyht_room2_3_T": {
    "class": "org.eclipse.smarthome.core.items.Metadata",
    "value": {
      "key": {
        "segments": [
          "autoupdate",
          "Shellyht_room2_3_T"
        ]
      },
      "value": "true",
      "configuration": {}
    }
  },
  "autoupdate:Shellyht_F93b61_100_H": {
    "class": "org.eclipse.smarthome.core.items.Metadata",
    "value": {
      "key": {
        "segments": [
          "autoupdate",
          "Shellyht_F93b61_100_H"
        ]
      },
      "value": "true",
      "configuration": {}
    }
  },
  "autoupdate:Shellyht_room15_2_H": {
    "class": "org.eclipse.smarthome.core.items.Metadata",
    "value": {
      "key": {
        "segments": [
          "autoupdate",
          "Shellyht_room15_2_H"
        ]
      },
      "value": "true",
      "configuration": {}
    }
  },
  "autoupdate:Shellyht_room6_2_T": {
    "class": "org.eclipse.smarthome.core.items.Metadata",
    "value": {
      "key": {
        "segments": [
          "autoupdate",
          "Shellyht_room6_2_T"
        ]
      },
      "value": "true",
      "configuration": {}
    }
  },
  "autoupdate:Shellyht_room3_1_H": {
    "class": "org.eclipse.smarthome.core.items.Metadata",
    "value": {
      "key": {
        "segments": [
          "autoupdate",
          "Shellyht_room3_1_H"
        ]
      },
      "value": "true",
      "configuration": {}
    }
  },
  "autoupdate:Shellyht_F93b61_100_T": {
    "class": "org.eclipse.smarthome.core.items.Metadata",
    "value": {
      "key": {
        "segments": [
          "autoupdate",
          "Shellyht_F93b61_100_T"
        ]
      },
      "value": "true",
      "configuration": {}
    }
  },
  "autoupdate:Shellyht_room15_2_T": {
    "class": "org.eclipse.smarthome.core.items.Metadata",
    "value": {
      "key": {
        "segments": [
          "autoupdate",
          "Shellyht_room15_2_T"
        ]
      },
      "value": "true",
      "configuration": {}
    }
  },
  "autoupdate:Shellyht_room13_3_H": {
    "class": "org.eclipse.smarthome.core.items.Metadata",
    "value": {
      "key": {
        "segments": [
          "autoupdate",
          "Shellyht_room13_3_H"
        ]
      },
      "value": "true",
      "configuration": {}
    }
  },
  "autoupdate:Shellyht_room13_3_T": {
    "class": "org.eclipse.smarthome.core.items.Metadata",
    "value": {
      "key": {
        "segments": [
          "autoupdate",
          "Shellyht_room13_3_T"
        ]
      },
      "value": "true",
      "configuration": {}
    }
  },
  "autoupdate:Shellyht_room7_1_H": {
    "class": "org.eclipse.smarthome.core.items.Metadata",
    "value": {
      "key": {
        "segments": [
          "autoupdate",
          "Shellyht_room7_1_H"
        ]
      },
      "value": "true",
      "configuration": {}
    }
  },
  "autoupdate:Shellyht_room10_2_T": {
    "class": "org.eclipse.smarthome.core.items.Metadata",
    "value": {
      "key": {
        "segments": [
          "autoupdate",
          "Shellyht_room10_2_T"
        ]
      },
      "value": "true",
      "configuration": {}
    }
  },
  "autoupdate:Shellyht_room14_3_H": {
    "class": "org.eclipse.smarthome.core.items.Metadata",
    "value": {
      "key": {
        "segments": [
          "autoupdate",
          "Shellyht_room14_3_H"
        ]
      },
      "value": "true",
      "configuration": {}
    }
  },
  "autoupdate:Shellyht_room2_2_H": {
    "class": "org.eclipse.smarthome.core.items.Metadata",
    "value": {
      "key": {
        "segments": [
          "autoupdate",
          "Shellyht_room2_2_H"
        ]
      },
      "value": "true",
      "configuration": {}
    }
  },
  "autoupdate:Shellyht_room14_3_T": {
    "class": "org.eclipse.smarthome.core.items.Metadata",
    "value": {
      "key": {
        "segments": [
          "autoupdate",
          "Shellyht_room14_3_T"
        ]
      },
      "value": "true",
      "configuration": {}
    }
  },
  "autoupdate:Shellyht_room6_3_H": {
    "class": "org.eclipse.smarthome.core.items.Metadata",
    "value": {
      "key": {
        "segments": [
          "autoupdate",
          "Shellyht_room6_3_H"
        ]
      },
      "value": "true",
      "configuration": {}
    }
  },
  "autoupdate:Shellyht_room15_1_H": {
    "class": "org.eclipse.smarthome.core.items.Metadata",
    "value": {
      "key": {
        "segments": [
          "autoupdate",
          "Shellyht_room15_1_H"
        ]
      },
      "value": "true",
      "configuration": {}
    }
  },
  "autoupdate:Shellyht_room7_1_T": {
    "class": "org.eclipse.smarthome.core.items.Metadata",
    "value": {
      "key": {
        "segments": [
          "autoupdate",
          "Shellyht_room7_1_T"
        ]
      },
      "value": "true",
      "configuration": {}
    }
  },
  "autoupdate:Shellyht_room6_3_T": {
    "class": "org.eclipse.smarthome.core.items.Metadata",
    "value": {
      "key": {
        "segments": [
          "autoupdate",
          "Shellyht_room6_3_T"
        ]
      },
      "value": "true",
      "configuration": {}
    }
  },
  "autoupdate:Shellyht_room2_2_T": {
    "class": "org.eclipse.smarthome.core.items.Metadata",
    "value": {
      "key": {
        "segments": [
          "autoupdate",
          "Shellyht_room2_2_T"
        ]
      },
      "value": "true",
      "configuration": {}
    }
  },
  "autoupdate:Shellyht_room15_1_T": {
    "class": "org.eclipse.smarthome.core.items.Metadata",
    "value": {
      "key": {
        "segments": [
          "autoupdate",
          "Shellyht_room15_1_T"
        ]
      },
      "value": "true",
      "configuration": {}
    }
  },
  "autoupdate:lot_nr_new_room4": {
    "class": "org.eclipse.smarthome.core.items.Metadata",
    "value": {
      "key": {
        "segments": [
          "autoupdate",
          "lot_nr_new_room4"
        ]
      },
      "value": "true",
      "configuration": {}
    }
  },
  "autoupdate:lot_nr_new_room3": {
    "class": "org.eclipse.smarthome.core.items.Metadata",
    "value": {
      "key": {
        "segments": [
          "autoupdate",
          "lot_nr_new_room3"
        ]
      },
      "value": "true",
      "configuration": {}
    }
  },
  "autoupdate:lot_nr_new_room2": {
    "class": "org.eclipse.smarthome.core.items.Metadata",
    "value": {
      "key": {
        "segments": [
          "autoupdate",
          "lot_nr_new_room2"
        ]
      },
      "value": "true",
      "configuration": {}
    }
  },
  "autoupdate:lot_nr_new_room1": {
    "class": "org.eclipse.smarthome.core.items.Metadata",
    "value": {
      "key": {
        "segments": [
          "autoupdate",
          "lot_nr_new_room1"
        ]
      },
      "value": "true",
      "configuration": {}
    }
  },
  "autoupdate:Shellyht_room10_1_H": {
    "class": "org.eclipse.smarthome.core.items.Metadata",
    "value": {
      "key": {
        "segments": [
          "autoupdate",
          "Shellyht_room10_1_H"
        ]
      },
      "value": "true",
      "configuration": {}
    }
  },
  "autoupdate:lot_nr_new_room8": {
    "class": "org.eclipse.smarthome.core.items.Metadata",
    "value": {
      "key": {
        "segments": [
          "autoupdate",
          "lot_nr_new_room8"
        ]
      },
      "value": "true",
      "configuration": {}
    }
  },
  "autoupdate:lot_nr_new_room7": {
    "class": "org.eclipse.smarthome.core.items.Metadata",
    "value": {
      "key": {
        "segments": [
          "autoupdate",
          "lot_nr_new_room7"
        ]
      },
      "value": "true",
      "configuration": {}
    }
  },
  "autoupdate:lot_nr_new_room6": {
    "class": "org.eclipse.smarthome.core.items.Metadata",
    "value": {
      "key": {
        "segments": [
          "autoupdate",
          "lot_nr_new_room6"
        ]
      },
      "value": "true",
      "configuration": {}
    }
  },
  "autoupdate:lot_nr_new_room5": {
    "class": "org.eclipse.smarthome.core.items.Metadata",
    "value": {
      "key": {
        "segments": [
          "autoupdate",
          "lot_nr_new_room5"
        ]
      },
      "value": "true",
      "configuration": {}
    }
  },
  "autoupdate:lot_nr_new_room9": {
    "class": "org.eclipse.smarthome.core.items.Metadata",
    "value": {
      "key": {
        "segments": [
          "autoupdate",
          "lot_nr_new_room9"
        ]
      },
      "value": "true",
      "configuration": {}
    }
  },
  "autoupdate:Shellyht_room14_2_H": {
    "class": "org.eclipse.smarthome.core.items.Metadata",
    "value": {
      "key": {
        "segments": [
          "autoupdate",
          "Shellyht_room14_2_H"
        ]
      },
      "value": "true",
      "configuration": {}
    }
  },
  "autoupdate:Shellyht_room10_3_T": {
    "class": "org.eclipse.smarthome.core.items.Metadata",
    "value": {
      "key": {
        "segments": [
          "autoupdate",
          "Shellyht_room10_3_T"
        ]
      },
      "value": "true",
      "configuration": {}
    }
  },
  "autoupdate:Shellyht_room2_1_H": {
    "class": "org.eclipse.smarthome.core.items.Metadata",
    "value": {
      "key": {
        "segments": [
          "autoupdate",
          "Shellyht_room2_1_H"
        ]
      },
      "value": "true",
      "configuration": {}
    }
  },
  "autoupdate:Shellyht_room14_2_T": {
    "class": "org.eclipse.smarthome.core.items.Metadata",
    "value": {
      "key": {
        "segments": [
          "autoupdate",
          "Shellyht_room14_2_T"
        ]
      },
      "value": "true",
      "configuration": {}
    }
  },
  "autoupdate:Shellyht_room11_1_T": {
    "class": "org.eclipse.smarthome.core.items.Metadata",
    "value": {
      "key": {
        "segments": [
          "autoupdate",
          "Shellyht_room11_1_T"
        ]
      },
      "value": "true",
      "configuration": {}
    }
  },
  "autoupdate:Shellyht_room2_1_T": {
    "class": "org.eclipse.smarthome.core.items.Metadata",
    "value": {
      "key": {
        "segments": [
          "autoupdate",
          "Shellyht_room2_1_T"
        ]
      },
      "value": "true",
      "configuration": {}
    }
  },
  "autoupdate:Shellyht_room5_2_T": {
    "class": "org.eclipse.smarthome.core.items.Metadata",
    "value": {
      "key": {
        "segments": [
          "autoupdate",
          "Shellyht_room5_2_T"
        ]
      },
      "value": "true",
      "configuration": {}
    }
  },
  "autoupdate:Shellyht_room1_3_T": {
    "class": "org.eclipse.smarthome.core.items.Metadata",
    "value": {
      "key": {
        "segments": [
          "autoupdate",
          "Shellyht_room1_3_T"
        ]
      },
      "value": "true",
      "configuration": {}
    }
  },
  "autoupdate:Shellyht_room1_3_H": {
    "class": "org.eclipse.smarthome.core.items.Metadata",
    "value": {
      "key": {
        "segments": [
          "autoupdate",
          "Shellyht_room1_3_H"
        ]
      },
      "value": "true",
      "configuration": {}
    }
  },
  "autoupdate:Shellyht_room10_2_H": {
    "class": "org.eclipse.smarthome.core.items.Metadata",
    "value": {
      "key": {
        "segments": [
          "autoupdate",
          "Shellyht_room10_2_H"
        ]
      },
      "value": "true",
      "configuration": {}
    }
  },
  "autoupdate:Shellyht_room9_1_T": {
    "class": "org.eclipse.smarthome.core.items.Metadata",
    "value": {
      "key": {
        "segments": [
          "autoupdate",
          "Shellyht_room9_1_T"
        ]
      },
      "value": "true",
      "configuration": {}
    }
  },
  "autoupdate:Shellyht_room9_1_H": {
    "class": "org.eclipse.smarthome.core.items.Metadata",
    "value": {
      "key": {
        "segments": [
          "autoupdate",
          "Shellyht_room9_1_H"
        ]
      },
      "value": "true",
      "configuration": {}
    }
  },
  "autoupdate:Shellyht_room5_2_H": {
    "class": "org.eclipse.smarthome.core.items.Metadata",
    "value": {
      "key": {
        "segments": [
          "autoupdate",
          "Shellyht_room5_2_H"
        ]
      },
      "value": "true",
      "configuration": {}
    }
  },
  "autoupdate:Shellyht_room14_1_H": {
    "class": "org.eclipse.smarthome.core.items.Metadata",
    "value": {
      "key": {
        "segments": [
          "autoupdate",
          "Shellyht_room14_1_H"
        ]
      },
      "value": "true",
      "configuration": {}
    }
  },
  "autoupdate:Shellyht_room6_1_H": {
    "class": "org.eclipse.smarthome.core.items.Metadata",
    "value": {
      "key": {
        "segments": [
          "autoupdate",
          "Shellyht_room6_1_H"
        ]
      },
      "value": "true",
      "configuration": {}
    }
  },
  "autoupdate:Shellyht_room14_1_T": {
    "class": "org.eclipse.smarthome.core.items.Metadata",
    "value": {
      "key": {
        "segments": [
          "autoupdate",
          "Shellyht_room14_1_T"
        ]
      },
      "value": "true",
      "configuration": {}
    }
  },
  "autoupdate:Shellyht_room11_2_T": {
    "class": "org.eclipse.smarthome.core.items.Metadata",
    "value": {
      "key": {
        "segments": [
          "autoupdate",
          "Shellyht_room11_2_T"
        ]
      },
      "value": "true",
      "configuration": {}
    }
  },
  "autoupdate:Shellyht_room6_1_T": {
    "class": "org.eclipse.smarthome.core.items.Metadata",
    "value": {
      "key": {
        "segments": [
          "autoupdate",
          "Shellyht_room6_1_T"
        ]
      },
      "value": "true",
      "configuration": {}
    }
  },
  "autoupdate:Shellyht_room11_1_H": {
    "class": "org.eclipse.smarthome.core.items.Metadata",
    "value": {
      "key": {
        "segments": [
          "autoupdate",
          "Shellyht_room11_1_H"
        ]
      },
      "value": "true",
      "configuration": {}
    }
  },
  "autoupdate:Shellyht_room5_3_T": {
    "class": "org.eclipse.smarthome.core.items.Metadata",
    "value": {
      "key": {
        "segments": [
          "autoupdate",
          "Shellyht_room5_3_T"
        ]
      },
      "value": "true",
      "configuration": {}
    }
  },
  "autoupdate:Shellyht_room1_2_T": {
    "class": "org.eclipse.smarthome.core.items.Metadata",
    "value": {
      "key": {
        "segments": [
          "autoupdate",
          "Shellyht_room1_2_T"
        ]
      },
      "value": "true",
      "configuration": {}
    }
  },
  "autoupdate:Shellyht_room1_2_H": {
    "class": "org.eclipse.smarthome.core.items.Metadata",
    "value": {
      "key": {
        "segments": [
          "autoupdate",
          "Shellyht_room1_2_H"
        ]
      },
      "value": "true",
      "configuration": {}
    }
  },
  "autoupdate:Shellyht_room10_3_H": {
    "class": "org.eclipse.smarthome.core.items.Metadata",
    "value": {
      "key": {
        "segments": [
          "autoupdate",
          "Shellyht_room10_3_H"
        ]
      },
      "value": "true",
      "configuration": {}
    }
  },
  "autoupdate:Shellyht_room5_3_H": {
    "class": "org.eclipse.smarthome.core.items.Metadata",
    "value": {
      "key": {
        "segments": [
          "autoupdate",
          "Shellyht_room5_3_H"
        ]
      },
      "value": "true",
      "configuration": {}
    }
  },
  "autoupdate:Shellyht_room8_2_T": {
    "class": "org.eclipse.smarthome.core.items.Metadata",
    "value": {
      "key": {
        "segments": [
          "autoupdate",
          "Shellyht_room8_2_T"
        ]
      },
      "value": "true",
      "configuration": {}
    }
  },
  "autoupdate:Shellyht_room8_2_H": {
    "class": "org.eclipse.smarthome.core.items.Metadata",
    "value": {
      "key": {
        "segments": [
          "autoupdate",
          "Shellyht_room8_2_H"
        ]
      },
      "value": "true",
      "configuration": {}
    }
  },
  "autoupdate:Shellyht_room9_2_Battery": {
    "class": "org.eclipse.smarthome.core.items.Metadata",
    "value": {
      "key": {
        "segments": [
          "autoupdate",
          "Shellyht_room9_2_Battery"
        ]
      },
      "value": "false",
      "configuration": {}
    }
  },
  "autoupdate:Shellyht_room4_1_Battery": {
    "class": "org.eclipse.smarthome.core.items.Metadata",
    "value": {
      "key": {
        "segments": [
          "autoupdate",
          "Shellyht_room4_1_Battery"
        ]
      },
      "value": "false",
      "configuration": {}
    }
  },
  "autoupdate:Shellyht_room11_3_T": {
    "class": "org.eclipse.smarthome.core.items.Metadata",
    "value": {
      "key": {
        "segments": [
          "autoupdate",
          "Shellyht_room11_3_T"
        ]
      },
      "value": "true",
      "configuration": {}
    }
  },
  "autoupdate:Shellyht_room11_3_H": {
    "class": "org.eclipse.smarthome.core.items.Metadata",
    "value": {
      "key": {
        "segments": [
          "autoupdate",
          "Shellyht_room11_3_H"
        ]
      },
      "value": "true",
      "configuration": {}
    }
  },
  "autoupdate:lot_nr_new_room14": {
    "class": "org.eclipse.smarthome.core.items.Metadata",
    "value": {
      "key": {
        "segments": [
          "autoupdate",
          "lot_nr_new_room14"
        ]
      },
      "value": "true",
      "configuration": {}
    }
  },
  "autoupdate:lot_nr_new_room15": {
    "class": "org.eclipse.smarthome.core.items.Metadata",
    "value": {
      "key": {
        "segments": [
          "autoupdate",
          "lot_nr_new_room15"
        ]
      },
      "value": "true",
      "configuration": {}
    }
  },
  "autoupdate:Shellyht_room11_2_H": {
    "class": "org.eclipse.smarthome.core.items.Metadata",
    "value": {
      "key": {
        "segments": [
          "autoupdate",
          "Shellyht_room11_2_H"
        ]
      },
      "value": "true",
      "configuration": {}
    }
  },
  "autoupdate:lot_nr_new_room12": {
    "class": "org.eclipse.smarthome.core.items.Metadata",
    "value": {
      "key": {
        "segments": [
          "autoupdate",
          "lot_nr_new_room12"
        ]
      },
      "value": "true",
      "configuration": {}
    }
  },
  "autoupdate:Shellyht_room4_2_H": {
    "class": "org.eclipse.smarthome.core.items.Metadata",
    "value": {
      "key": {
        "segments": [
          "autoupdate",
          "Shellyht_room4_2_H"
        ]
      },
      "value": "true",
      "configuration": {}
    }
  },
  "autoupdate:lot_nr_new_room13": {
    "class": "org.eclipse.smarthome.core.items.Metadata",
    "value": {
      "key": {
        "segments": [
          "autoupdate",
          "lot_nr_new_room13"
        ]
      },
      "value": "true",
      "configuration": {}
    }
  },
  "autoupdate:lot_nr_new_room10": {
    "class": "org.eclipse.smarthome.core.items.Metadata",
    "value": {
      "key": {
        "segments": [
          "autoupdate",
          "lot_nr_new_room10"
        ]
      },
      "value": "true",
      "configuration": {}
    }
  },
  "autoupdate:lot_nr_new_room11": {
    "class": "org.eclipse.smarthome.core.items.Metadata",
    "value": {
      "key": {
        "segments": [
          "autoupdate",
          "lot_nr_new_room11"
        ]
      },
      "value": "true",
      "configuration": {}
    }
  },
  "autoupdate:Shellyht_room12_1_T": {
    "class": "org.eclipse.smarthome.core.items.Metadata",
    "value": {
      "key": {
        "segments": [
          "autoupdate",
          "Shellyht_room12_1_T"
        ]
      },
      "value": "true",
      "configuration": {}
    }
  },
  "autoupdate:Shellyht_room1_1_T": {
    "class": "org.eclipse.smarthome.core.items.Metadata",
    "value": {
      "key": {
        "segments": [
          "autoupdate",
          "Shellyht_room1_1_T"
        ]
      },
      "value": "true",
      "configuration": {}
    }
  },
  "autoupdate:Shellyht_room1_1_H": {
    "class": "org.eclipse.smarthome.core.items.Metadata",
    "value": {
      "key": {
        "segments": [
          "autoupdate",
          "Shellyht_room1_1_H"
        ]
      },
      "value": "true",
      "configuration": {}
    }
  },
  "autoupdate:Shellyht_room9_3_T": {
    "class": "org.eclipse.smarthome.core.items.Metadata",
    "value": {
      "key": {
        "segments": [
          "autoupdate",
          "Shellyht_room9_3_T"
        ]
      },
      "value": "true",
      "configuration": {}
    }
  },
  "autoupdate:Shellyht_room4_2_T": {
    "class": "org.eclipse.smarthome.core.items.Metadata",
    "value": {
      "key": {
        "segments": [
          "autoupdate",
          "Shellyht_room4_2_T"
        ]
      },
      "value": "true",
      "configuration": {}
    }
  },
  "autoupdate:Shellyht_room9_3_H": {
    "class": "org.eclipse.smarthome.core.items.Metadata",
    "value": {
      "key": {
        "segments": [
          "autoupdate",
          "Shellyht_room9_3_H"
        ]
      },
      "value": "true",
      "configuration": {}
    }
  },
  "autoupdate:Shellyht_room8_3_T": {
    "class": "org.eclipse.smarthome.core.items.Metadata",
    "value": {
      "key": {
        "segments": [
          "autoupdate",
          "Shellyht_room8_3_T"
        ]
      },
      "value": "true",
      "configuration": {}
    }
  },
  "autoupdate:Shellyht_room8_3_H": {
    "class": "org.eclipse.smarthome.core.items.Metadata",
    "value": {
      "key": {
        "segments": [
          "autoupdate",
          "Shellyht_room8_3_H"
        ]
      },
      "value": "true",
      "configuration": {}
    }
  },
  "autoupdate:Shellyht_room12_1_H": {
    "class": "org.eclipse.smarthome.core.items.Metadata",
    "value": {
      "key": {
        "segments": [
          "autoupdate",
          "Shellyht_room12_1_H"
        ]
      },
      "value": "true",
      "configuration": {}
    }
  },
  "autoupdate:Shellyht_room12_2_H": {
    "class": "org.eclipse.smarthome.core.items.Metadata",
    "value": {
      "key": {
        "segments": [
          "autoupdate",
          "Shellyht_room12_2_H"
        ]
      },
      "value": "true",
      "configuration": {}
    }
  },
  "autoupdate:Shellyht_room5_1_T": {
    "class": "org.eclipse.smarthome.core.items.Metadata",
    "value": {
      "key": {
        "segments": [
          "autoupdate",
          "Shellyht_room5_1_T"
        ]
      },
      "value": "true",
      "configuration": {}
    }
  },
  "autoupdate:Shellyht_room12_2_T": {
    "class": "org.eclipse.smarthome.core.items.Metadata",
    "value": {
      "key": {
        "segments": [
          "autoupdate",
          "Shellyht_room12_2_T"
        ]
      },
      "value": "true",
      "configuration": {}
    }
  },
  "autoupdate:Shellyht_room4_3_H": {
    "class": "org.eclipse.smarthome.core.items.Metadata",
    "value": {
      "key": {
        "segments": [
          "autoupdate",
          "Shellyht_room4_3_H"
        ]
      },
      "value": "true",
      "configuration": {}
    }
  },
  "autoupdate:Shellyht_room9_2_T": {
    "class": "org.eclipse.smarthome.core.items.Metadata",
    "value": {
      "key": {
        "segments": [
          "autoupdate",
          "Shellyht_room9_2_T"
        ]
      },
      "value": "true",
      "configuration": {}
    }
  },
  "autoupdate:Shellyht_room15_145_H": {
    "class": "org.eclipse.smarthome.core.items.Metadata",
    "value": {
      "key": {
        "segments": [
          "autoupdate",
          "Shellyht_room15_145_H"
        ]
      },
      "value": "true",
      "configuration": {}
    }
  },
  "autoupdate:Shellyht_room9_2_H": {
    "class": "org.eclipse.smarthome.core.items.Metadata",
    "value": {
      "key": {
        "segments": [
          "autoupdate",
          "Shellyht_room9_2_H"
        ]
      },
      "value": "true",
      "configuration": {}
    }
  },
  "autoupdate:Shellyht_room15_145_T": {
    "class": "org.eclipse.smarthome.core.items.Metadata",
    "value": {
      "key": {
        "segments": [
          "autoupdate",
          "Shellyht_room15_145_T"
        ]
      },
      "value": "true",
      "configuration": {}
    }
  },
  "autoupdate:Shellyht_room5_1_H": {
    "class": "org.eclipse.smarthome.core.items.Metadata",
    "value": {
      "key": {
        "segments": [
          "autoupdate",
          "Shellyht_room5_1_H"
        ]
      },
      "value": "true",
      "configuration": {}
    }
  },
  "autoupdate:Piservice_Input": {
    "class": "org.eclipse.smarthome.core.items.Metadata",
    "value": {
      "key": {
        "segments": [
          "autoupdate",
          "Piservice_Input"
        ]
      },
      "value": "true",
      "configuration": {}
    }
  },
  "autoupdate:Shellyht_room4_3_T": {
    "class": "org.eclipse.smarthome.core.items.Metadata",
    "value": {
      "key": {
        "segments": [
          "autoupdate",
          "Shellyht_room4_3_T"
        ]
      },
      "value": "true",
      "configuration": {}
    }
  }
}