{
  "Shellyht_room10_3_T -\u003e shelly:shellyht:f93c6e:sensors#temperature": {
    "class": "org.eclipse.smarthome.core.thing.link.ItemChannelLink",
    "value": {
      "channelUID": {
        "segments": [
          "shelly",
          "shellyht",
          "f93c6e",
          "sensors#temperature"
        ]
      },
      "configuration": {
        "properties": {
          "profile": "system:default"
        }
      },
      "itemName": "Shellyht_room10_3_T"
    }
  },
  "Shellyht_room13_2_H -\u003e shelly:shellyht:f939c9:sensors#humidity": {
    "class": "org.eclipse.smarthome.core.thing.link.ItemChannelLink",
    "value": {
      "channelUID": {
        "segments": [
          "shelly",
          "shellyht",
          "f939c9",
          "sensors#humidity"
        ]
      },
      "configuration": {
        "properties": {
          "profile": "system:default"
        }
      },
      "itemName": "Shellyht_room13_2_H"
    }
  },
  "Shellyht_room4_2_T -\u003e shelly:shellyht:f937a8:sensors#temperature": {
    "class": "org.eclipse.smarthome.core.thing.link.ItemChannelLink",
    "value": {
      "channelUID": {
        "segments": [
          "shelly",
          "shellyht",
          "f937a8",
          "sensors#temperature"
        ]
      },
      "configuration": {
        "properties": {
          "profile": "system:default"
        }
      },
      "itemName": "Shellyht_room4_2_T"
    }
  },
  "ModbusData_LastErroringRead -\u003e modbus:data:52d0d078:lastReadError": {
    "class": "org.eclipse.smarthome.core.thing.link.ItemChannelLink",
    "value": {
      "channelUID": {
        "segments": [
          "modbus",
          "data",
          "52d0d078",
          "lastReadError"
        ]
      },
      "configuration": {
        "properties": {
          "profile": "system:default"
        }
      },
      "itemName": "ModbusData_LastErroringRead"
    }
  },
  "Shellyht_room13_1_T -\u003e shelly:shellyht:f93b78:sensors#temperature": {
    "class": "org.eclipse.smarthome.core.thing.link.ItemChannelLink",
    "value": {
      "channelUID": {
        "segments": [
          "shelly",
          "shellyht",
          "f93b78",
          "sensors#temperature"
        ]
      },
      "configuration": {
        "properties": {
          "profile": "system:default"
        }
      },
      "itemName": "Shellyht_room13_1_T"
    }
  },
  "ModbusData_ValueAsString -\u003e modbus:data:52d0d078:string": {
    "class": "org.eclipse.smarthome.core.thing.link.ItemChannelLink",
    "value": {
      "channelUID": {
        "segments": [
          "modbus",
          "data",
          "52d0d078",
          "string"
        ]
      },
      "configuration": {
        "properties": {
          "profile": "system:default"
        }
      },
      "itemName": "ModbusData_ValueAsString"
    }
  },
  "Shellyht_room4_3_H -\u003e shelly:shellyht:f93be4:sensors#humidity": {
    "class": "org.eclipse.smarthome.core.thing.link.ItemChannelLink",
    "value": {
      "channelUID": {
        "segments": [
          "shelly",
          "shellyht",
          "f93be4",
          "sensors#humidity"
        ]
      },
      "configuration": {
        "properties": {
          "profile": "system:default"
        }
      },
      "itemName": "Shellyht_room4_3_H"
    }
  },
  "Shellyht_room3_2_H -\u003e shelly:shellyht:f937a3:sensors#humidity": {
    "class": "org.eclipse.smarthome.core.thing.link.ItemChannelLink",
    "value": {
      "channelUID": {
        "segments": [
          "shelly",
          "shellyht",
          "f937a3",
          "sensors#humidity"
        ]
      },
      "configuration": {
        "properties": {
          "profile": "system:default"
        }
      },
      "itemName": "Shellyht_room3_2_H"
    }
  },
  "Piservice_Output -\u003e exec:command:db0fa3eb:output": {
    "class": "org.eclipse.smarthome.core.thing.link.ItemChannelLink",
    "value": {
      "channelUID": {
        "segments": [
          "exec",
          "command",
          "db0fa3eb",
          "output"
        ]
      },
      "configuration": {
        "properties": {
          "profile": "system:default"
        }
      },
      "itemName": "Piservice_Output"
    }
  },
  "Shellyht_room10_3_Battery -\u003e shelly:shellyht:f93c6e:battery#batteryLevel": {
    "class": "org.eclipse.smarthome.core.thing.link.ItemChannelLink",
    "value": {
      "channelUID": {
        "segments": [
          "shelly",
          "shellyht",
          "f93c6e",
          "battery#batteryLevel"
        ]
      },
      "configuration": {
        "properties": {
          "profile": "system:default"
        }
      },
      "itemName": "Shellyht_room10_3_Battery"
    }
  },
  "Shellyht_F93b61_100_T -\u003e shelly:shellyht:f93b61:sensors#temperature": {
    "class": "org.eclipse.smarthome.core.thing.link.ItemChannelLink",
    "value": {
      "channelUID": {
        "segments": [
          "shelly",
          "shellyht",
          "f93b61",
          "sensors#temperature"
        ]
      },
      "configuration": {
        "properties": {
          "profile": "system:default"
        }
      },
      "itemName": "Shellyht_F93b61_100_T"
    }
  },
  "Shellyht_room1_1_Signal -\u003e shelly:shellyht:f93ba7:device#wifiSignal": {
    "class": "org.eclipse.smarthome.core.thing.link.ItemChannelLink",
    "value": {
      "channelUID": {
        "segments": [
          "shelly",
          "shellyht",
          "f93ba7",
          "device#wifiSignal"
        ]
      },
      "configuration": {
        "properties": {
          "profile": "system:default"
        }
      },
      "itemName": "Shellyht_room1_1_Signal"
    }
  },
  "Shellyht_room12_2_Battery -\u003e shelly:shellyht:f939d3:battery#batteryLevel": {
    "class": "org.eclipse.smarthome.core.thing.link.ItemChannelLink",
    "value": {
      "channelUID": {
        "segments": [
          "shelly",
          "shellyht",
          "f939d3",
          "battery#batteryLevel"
        ]
      },
      "configuration": {
        "properties": {
          "profile": "system:default"
        }
      },
      "itemName": "Shellyht_room12_2_Battery"
    }
  },
  "Shellyht_room13_2_T -\u003e shelly:shellyht:f939c9:sensors#temperature": {
    "class": "org.eclipse.smarthome.core.thing.link.ItemChannelLink",
    "value": {
      "channelUID": {
        "segments": [
          "shelly",
          "shellyht",
          "f939c9",
          "sensors#temperature"
        ]
      },
      "configuration": {
        "properties": {
          "profile": "system:default"
        }
      },
      "itemName": "Shellyht_room13_2_T"
    }
  },
  "Shellyht_room1_3_T -\u003e shelly:shellyht:f936c9:sensors#temperature": {
    "class": "org.eclipse.smarthome.core.thing.link.ItemChannelLink",
    "value": {
      "channelUID": {
        "segments": [
          "shelly",
          "shellyht",
          "f936c9",
          "sensors#temperature"
        ]
      },
      "configuration": {
        "properties": {
          "profile": "system:default"
        }
      },
      "itemName": "Shellyht_room1_3_T"
    }
  },
  "Shellyht_room11_3_T -\u003e shelly:shellyht:f93c19:sensors#temperature": {
    "class": "org.eclipse.smarthome.core.thing.link.ItemChannelLink",
    "value": {
      "channelUID": {
        "segments": [
          "shelly",
          "shellyht",
          "f93c19",
          "sensors#temperature"
        ]
      },
      "configuration": {
        "properties": {
          "profile": "system:default"
        }
      },
      "itemName": "Shellyht_room11_3_T"
    }
  },
  "Shellyht_room13_2_Battery -\u003e shelly:shellyht:f939c9:battery#batteryLevel": {
    "class": "org.eclipse.smarthome.core.thing.link.ItemChannelLink",
    "value": {
      "channelUID": {
        "segments": [
          "shelly",
          "shellyht",
          "f939c9",
          "battery#batteryLevel"
        ]
      },
      "configuration": {
        "properties": {
          "profile": "system:default"
        }
      },
      "itemName": "Shellyht_room13_2_Battery"
    }
  },
  "Shellyht_room14_3_Battery -\u003e shelly:shellyht:f93305:battery#batteryLevel": {
    "class": "org.eclipse.smarthome.core.thing.link.ItemChannelLink",
    "value": {
      "channelUID": {
        "segments": [
          "shelly",
          "shellyht",
          "f93305",
          "battery#batteryLevel"
        ]
      },
      "configuration": {
        "properties": {
          "profile": "system:default"
        }
      },
      "itemName": "Shellyht_room14_3_Battery"
    }
  },
  "Shellyht_room6_3_T -\u003e shelly:shellyht:f93b4f:sensors#temperature": {
    "class": "org.eclipse.smarthome.core.thing.link.ItemChannelLink",
    "value": {
      "channelUID": {
        "segments": [
          "shelly",
          "shellyht",
          "f93b4f",
          "sensors#temperature"
        ]
      },
      "configuration": {
        "properties": {
          "profile": "system:default"
        }
      },
      "itemName": "Shellyht_room6_3_T"
    }
  },
  "Shellyht_room4_2_H -\u003e shelly:shellyht:f937a8:sensors#humidity": {
    "class": "org.eclipse.smarthome.core.thing.link.ItemChannelLink",
    "value": {
      "channelUID": {
        "segments": [
          "shelly",
          "shellyht",
          "f937a8",
          "sensors#humidity"
        ]
      },
      "configuration": {
        "properties": {
          "profile": "system:default"
        }
      },
      "itemName": "Shellyht_room4_2_H"
    }
  },
  "Shellyht_room7_121_T -\u003e shelly:shellyht:f93267:sensors#temperature": {
    "class": "org.eclipse.smarthome.core.thing.link.ItemChannelLink",
    "value": {
      "channelUID": {
        "segments": [
          "shelly",
          "shellyht",
          "f93267",
          "sensors#temperature"
        ]
      },
      "configuration": {
        "properties": {
          "profile": "system:default"
        }
      },
      "itemName": "Shellyht_room7_121_T"
    }
  },
  "Shellyht_room7_120_Battery -\u003e shelly:shellyht:f93b49:battery#batteryLevel": {
    "class": "org.eclipse.smarthome.core.thing.link.ItemChannelLink",
    "value": {
      "channelUID": {
        "segments": [
          "shelly",
          "shellyht",
          "f93b49",
          "battery#batteryLevel"
        ]
      },
      "configuration": {
        "properties": {
          "profile": "system:default"
        }
      },
      "itemName": "Shellyht_room7_120_Battery"
    }
  },
  "Shellyht_room8_1_T -\u003e shelly:shellyht:f93b91:sensors#temperature": {
    "class": "org.eclipse.smarthome.core.thing.link.ItemChannelLink",
    "value": {
      "channelUID": {
        "segments": [
          "shelly",
          "shellyht",
          "f93b91",
          "sensors#temperature"
        ]
      },
      "configuration": {
        "properties": {
          "profile": "system:default"
        }
      },
      "itemName": "Shellyht_room8_1_T"
    }
  },
  "Shellyht_room2_2_H -\u003e shelly:shellyht:f93520:sensors#humidity": {
    "class": "org.eclipse.smarthome.core.thing.link.ItemChannelLink",
    "value": {
      "channelUID": {
        "segments": [
          "shelly",
          "shellyht",
          "f93520",
          "sensors#humidity"
        ]
      },
      "configuration": {
        "properties": {
          "profile": "system:default"
        }
      },
      "itemName": "Shellyht_room2_2_H"
    }
  },
  "Shellyht_room4_1_H -\u003e shelly:shellyht:f939c3:sensors#humidity": {
    "class": "org.eclipse.smarthome.core.thing.link.ItemChannelLink",
    "value": {
      "channelUID": {
        "segments": [
          "shelly",
          "shellyht",
          "f939c3",
          "sensors#humidity"
        ]
      },
      "configuration": {
        "properties": {
          "profile": "system:default"
        }
      },
      "itemName": "Shellyht_room4_1_H"
    }
  },
  "Shellyht_room7_1_Battery -\u003e shelly:shellyht:f93b69:battery#batteryLevel": {
    "class": "org.eclipse.smarthome.core.thing.link.ItemChannelLink",
    "value": {
      "channelUID": {
        "segments": [
          "shelly",
          "shellyht",
          "f93b69",
          "battery#batteryLevel"
        ]
      },
      "configuration": {
        "properties": {
          "profile": "system:default"
        }
      },
      "itemName": "Shellyht_room7_1_Battery"
    }
  },
  "Shellyht_room15_1_H -\u003e shelly:shellyht:f93b59:sensors#humidity": {
    "class": "org.eclipse.smarthome.core.thing.link.ItemChannelLink",
    "value": {
      "channelUID": {
        "segments": [
          "shelly",
          "shellyht",
          "f93b59",
          "sensors#humidity"
        ]
      },
      "configuration": {
        "properties": {
          "profile": "system:default"
        }
      },
      "itemName": "Shellyht_room15_1_H"
    }
  },
  "Shellyht_room3_3_H -\u003e shelly:shellyht:f93c0a:sensors#humidity": {
    "class": "org.eclipse.smarthome.core.thing.link.ItemChannelLink",
    "value": {
      "channelUID": {
        "segments": [
          "shelly",
          "shellyht",
          "f93c0a",
          "sensors#humidity"
        ]
      },
      "configuration": {
        "properties": {
          "profile": "system:default"
        }
      },
      "itemName": "Shellyht_room3_3_H"
    }
  },
  "Shellyht_room7_120_T -\u003e shelly:shellyht:f93b49:sensors#temperature": {
    "class": "org.eclipse.smarthome.core.thing.link.ItemChannelLink",
    "value": {
      "channelUID": {
        "segments": [
          "shelly",
          "shellyht",
          "f93b49",
          "sensors#temperature"
        ]
      },
      "configuration": {
        "properties": {
          "profile": "system:default"
        }
      },
      "itemName": "Shellyht_room7_120_T"
    }
  },
  "Shellyht_room1_1_H -\u003e shelly:shellyht:f93ba7:sensors#humidity": {
    "class": "org.eclipse.smarthome.core.thing.link.ItemChannelLink",
    "value": {
      "channelUID": {
        "segments": [
          "shelly",
          "shellyht",
          "f93ba7",
          "sensors#humidity"
        ]
      },
      "configuration": {
        "properties": {
          "profile": "system:default"
        }
      },
      "itemName": "Shellyht_room1_1_H"
    }
  },
  "Shellyht_room6_2_Battery -\u003e shelly:shellyht:f931d5:battery#batteryLevel": {
    "class": "org.eclipse.smarthome.core.thing.link.ItemChannelLink",
    "value": {
      "channelUID": {
        "segments": [
          "shelly",
          "shellyht",
          "f931d5",
          "battery#batteryLevel"
        ]
      },
      "configuration": {
        "properties": {
          "profile": "system:default"
        }
      },
      "itemName": "Shellyht_room6_2_Battery"
    }
  },
  "Shellyht_room14_3_T -\u003e shelly:shellyht:f93305:sensors#temperature": {
    "class": "org.eclipse.smarthome.core.thing.link.ItemChannelLink",
    "value": {
      "channelUID": {
        "segments": [
          "shelly",
          "shellyht",
          "f93305",
          "sensors#temperature"
        ]
      },
      "configuration": {
        "properties": {
          "profile": "system:default"
        }
      },
      "itemName": "Shellyht_room14_3_T"
    }
  },
  "Shellyht_room6_1_H -\u003e shelly:shellyht:f9326b:sensors#humidity": {
    "class": "org.eclipse.smarthome.core.thing.link.ItemChannelLink",
    "value": {
      "channelUID": {
        "segments": [
          "shelly",
          "shellyht",
          "f9326b",
          "sensors#humidity"
        ]
      },
      "configuration": {
        "properties": {
          "profile": "system:default"
        }
      },
      "itemName": "Shellyht_room6_1_H"
    }
  },
  "Shellyht_room1_2_H -\u003e shelly:shellyht:f9384b:sensors#humidity": {
    "class": "org.eclipse.smarthome.core.thing.link.ItemChannelLink",
    "value": {
      "channelUID": {
        "segments": [
          "shelly",
          "shellyht",
          "f9384b",
          "sensors#humidity"
        ]
      },
      "configuration": {
        "properties": {
          "profile": "system:default"
        }
      },
      "itemName": "Shellyht_room1_2_H"
    }
  },
  "Shellyht_room11_1_T -\u003e shelly:shellyht:f93bb2:sensors#temperature": {
    "class": "org.eclipse.smarthome.core.thing.link.ItemChannelLink",
    "value": {
      "channelUID": {
        "segments": [
          "shelly",
          "shellyht",
          "f93bb2",
          "sensors#temperature"
        ]
      },
      "configuration": {
        "properties": {
          "profile": "system:default"
        }
      },
      "itemName": "Shellyht_room11_1_T"
    }
  },
  "ModbusData_ValueAsSwitch -\u003e modbus:data:52d0d078:switch": {
    "class": "org.eclipse.smarthome.core.thing.link.ItemChannelLink",
    "value": {
      "channelUID": {
        "segments": [
          "modbus",
          "data",
          "52d0d078",
          "switch"
        ]
      },
      "configuration": {
        "properties": {
          "profile": "system:default"
        }
      },
      "itemName": "ModbusData_ValueAsSwitch"
    }
  },
  "Shellyht_room5_1_T -\u003e shelly:shellyht:f93ba2:sensors#temperature": {
    "class": "org.eclipse.smarthome.core.thing.link.ItemChannelLink",
    "value": {
      "channelUID": {
        "segments": [
          "shelly",
          "shellyht",
          "f93ba2",
          "sensors#temperature"
        ]
      },
      "configuration": {
        "properties": {
          "profile": "system:default"
        }
      },
      "itemName": "Shellyht_room5_1_T"
    }
  },
  "Shellyht_room14_1_Battery -\u003e shelly:shellyht:f93b82:battery#batteryLevel": {
    "class": "org.eclipse.smarthome.core.thing.link.ItemChannelLink",
    "value": {
      "channelUID": {
        "segments": [
          "shelly",
          "shellyht",
          "f93b82",
          "battery#batteryLevel"
        ]
      },
      "configuration": {
        "properties": {
          "profile": "system:default"
        }
      },
      "itemName": "Shellyht_room14_1_Battery"
    }
  },
  "Shellyht_room2_3_Battery -\u003e shelly:shellyht:f9338e:battery#batteryLevel": {
    "class": "org.eclipse.smarthome.core.thing.link.ItemChannelLink",
    "value": {
      "channelUID": {
        "segments": [
          "shelly",
          "shellyht",
          "f9338e",
          "battery#batteryLevel"
        ]
      },
      "configuration": {
        "properties": {
          "profile": "system:default"
        }
      },
      "itemName": "Shellyht_room2_3_Battery"
    }
  },
  "Shellyrgbw2_F44323_123_Meter -\u003e shelly:shellyrgbw2-white:f44323:meter#currentWatts": {
    "class": "org.eclipse.smarthome.core.thing.link.ItemChannelLink",
    "value": {
      "channelUID": {
        "segments": [
          "shelly",
          "shellyrgbw2-white",
          "f44323",
          "meter#currentWatts"
        ]
      },
      "configuration": {
        "properties": {
          "profile": "system:default"
        }
      },
      "itemName": "Shellyrgbw2_F44323_123_Meter"
    }
  },
  "Shellyht_room15_2_H -\u003e shelly:shellyht:f93c72:sensors#humidity": {
    "class": "org.eclipse.smarthome.core.thing.link.ItemChannelLink",
    "value": {
      "channelUID": {
        "segments": [
          "shelly",
          "shellyht",
          "f93c72",
          "sensors#humidity"
        ]
      },
      "configuration": {
        "properties": {
          "profile": "system:default"
        }
      },
      "itemName": "Shellyht_room15_2_H"
    }
  },
  "Shellyht_room1_2_T -\u003e shelly:shellyht:f9384b:sensors#temperature": {
    "class": "org.eclipse.smarthome.core.thing.link.ItemChannelLink",
    "value": {
      "channelUID": {
        "segments": [
          "shelly",
          "shellyht",
          "f9384b",
          "sensors#temperature"
        ]
      },
      "configuration": {
        "properties": {
          "profile": "system:default"
        }
      },
      "itemName": "Shellyht_room1_2_T"
    }
  },
  "Shellyht_room1_2_Battery -\u003e shelly:shellyht:f9384b:battery#batteryLevel": {
    "class": "org.eclipse.smarthome.core.thing.link.ItemChannelLink",
    "value": {
      "channelUID": {
        "segments": [
          "shelly",
          "shellyht",
          "f9384b",
          "battery#batteryLevel"
        ]
      },
      "configuration": {
        "properties": {
          "profile": "system:default"
        }
      },
      "itemName": "Shellyht_room1_2_Battery"
    }
  },
  "Shellyht_room11_1_Battery -\u003e shelly:shellyht:f93bb2:battery#batteryLevel": {
    "class": "org.eclipse.smarthome.core.thing.link.ItemChannelLink",
    "value": {
      "channelUID": {
        "segments": [
          "shelly",
          "shellyht",
          "f93bb2",
          "battery#batteryLevel"
        ]
      },
      "configuration": {
        "properties": {
          "profile": "system:default"
        }
      },
      "itemName": "Shellyht_room11_1_Battery"
    }
  },
  "Shellyht_room7_120_H -\u003e shelly:shellyht:f93b49:sensors#humidity": {
    "class": "org.eclipse.smarthome.core.thing.link.ItemChannelLink",
    "value": {
      "channelUID": {
        "segments": [
          "shelly",
          "shellyht",
          "f93b49",
          "sensors#humidity"
        ]
      },
      "configuration": {
        "properties": {
          "profile": "system:default"
        }
      },
      "itemName": "Shellyht_room7_120_H"
    }
  },
  "Shellyht_room8_1_H -\u003e shelly:shellyht:f93b91:sensors#humidity": {
    "class": "org.eclipse.smarthome.core.thing.link.ItemChannelLink",
    "value": {
      "channelUID": {
        "segments": [
          "shelly",
          "shellyht",
          "f93b91",
          "sensors#humidity"
        ]
      },
      "configuration": {
        "properties": {
          "profile": "system:default"
        }
      },
      "itemName": "Shellyht_room8_1_H"
    }
  },
  "Shellyht_F93c0b_101_T -\u003e shelly:shellyht:f93c0b:sensors#temperature": {
    "class": "org.eclipse.smarthome.core.thing.link.ItemChannelLink",
    "value": {
      "channelUID": {
        "segments": [
          "shelly",
          "shellyht",
          "f93c0b",
          "sensors#temperature"
        ]
      },
      "configuration": {
        "properties": {
          "profile": "system:default"
        }
      },
      "itemName": "Shellyht_F93c0b_101_T"
    }
  },
  "Shellyht_room7_1_T -\u003e shelly:shellyht:f93b69:sensors#temperature": {
    "class": "org.eclipse.smarthome.core.thing.link.ItemChannelLink",
    "value": {
      "channelUID": {
        "segments": [
          "shelly",
          "shellyht",
          "f93b69",
          "sensors#temperature"
        ]
      },
      "configuration": {
        "properties": {
          "profile": "system:default"
        }
      },
      "itemName": "Shellyht_room7_1_T"
    }
  },
  "Shellyht_room15_2_T -\u003e shelly:shellyht:f93c72:sensors#temperature": {
    "class": "org.eclipse.smarthome.core.thing.link.ItemChannelLink",
    "value": {
      "channelUID": {
        "segments": [
          "shelly",
          "shellyht",
          "f93c72",
          "sensors#temperature"
        ]
      },
      "configuration": {
        "properties": {
          "profile": "system:default"
        }
      },
      "itemName": "Shellyht_room15_2_T"
    }
  },
  "Shellyht_room13_3_T -\u003e shelly:shellyht:f93395:sensors#temperature": {
    "class": "org.eclipse.smarthome.core.thing.link.ItemChannelLink",
    "value": {
      "channelUID": {
        "segments": [
          "shelly",
          "shellyht",
          "f93395",
          "sensors#temperature"
        ]
      },
      "configuration": {
        "properties": {
          "profile": "system:default"
        }
      },
      "itemName": "Shellyht_room13_3_T"
    }
  },
  "Shellyht_room4_1_Battery -\u003e shelly:shellyht:f939c3:battery#batteryLevel": {
    "class": "org.eclipse.smarthome.core.thing.link.ItemChannelLink",
    "value": {
      "channelUID": {
        "segments": [
          "shelly",
          "shellyht",
          "f939c3",
          "battery#batteryLevel"
        ]
      },
      "configuration": {
        "properties": {
          "profile": "system:default"
        }
      },
      "itemName": "Shellyht_room4_1_Battery"
    }
  },
  "Shellyht_room6_1_Battery -\u003e shelly:shellyht:f9326b:battery#batteryLevel": {
    "class": "org.eclipse.smarthome.core.thing.link.ItemChannelLink",
    "value": {
      "channelUID": {
        "segments": [
          "shelly",
          "shellyht",
          "f9326b",
          "battery#batteryLevel"
        ]
      },
      "configuration": {
        "properties": {
          "profile": "system:default"
        }
      },
      "itemName": "Shellyht_room6_1_Battery"
    }
  },
  "Shellyht_room13_1_H -\u003e shelly:shellyht:f93b78:sensors#humidity": {
    "class": "org.eclipse.smarthome.core.thing.link.ItemChannelLink",
    "value": {
      "channelUID": {
        "segments": [
          "shelly",
          "shellyht",
          "f93b78",
          "sensors#humidity"
        ]
      },
      "configuration": {
        "properties": {
          "profile": "system:default"
        }
      },
      "itemName": "Shellyht_room13_1_H"
    }
  },
  "Shellyht_F93b61_100_Battery -\u003e shelly:shellyht:f93b61:battery#batteryLevel": {
    "class": "org.eclipse.smarthome.core.thing.link.ItemChannelLink",
    "value": {
      "channelUID": {
        "segments": [
          "shelly",
          "shellyht",
          "f93b61",
          "battery#batteryLevel"
        ]
      },
      "configuration": {
        "properties": {
          "profile": "system:default"
        }
      },
      "itemName": "Shellyht_F93b61_100_Battery"
    }
  },
  "Shellyht_room9_2_Battery -\u003e shelly:shellyht:f93b5c:battery#batteryLevel": {
    "class": "org.eclipse.smarthome.core.thing.link.ItemChannelLink",
    "value": {
      "channelUID": {
        "segments": [
          "shelly",
          "shellyht",
          "f93b5c",
          "battery#batteryLevel"
        ]
      },
      "configuration": {
        "properties": {
          "profile": "system:default"
        }
      },
      "itemName": "Shellyht_room9_2_Battery"
    }
  },
  "Shellyht_room11_3_Battery -\u003e shelly:shellyht:f93c19:battery#batteryLevel": {
    "class": "org.eclipse.smarthome.core.thing.link.ItemChannelLink",
    "value": {
      "channelUID": {
        "segments": [
          "shelly",
          "shellyht",
          "f93c19",
          "battery#batteryLevel"
        ]
      },
      "configuration": {
        "properties": {
          "profile": "system:default"
        }
      },
      "itemName": "Shellyht_room11_3_Battery"
    }
  },
  "Shellyht_room10_1_Battery -\u003e shelly:shellyht:f93ca4:battery#batteryLevel": {
    "class": "org.eclipse.smarthome.core.thing.link.ItemChannelLink",
    "value": {
      "channelUID": {
        "segments": [
          "shelly",
          "shellyht",
          "f93ca4",
          "battery#batteryLevel"
        ]
      },
      "configuration": {
        "properties": {
          "profile": "system:default"
        }
      },
      "itemName": "Shellyht_room10_1_Battery"
    }
  },
  "Shellyht_room6_2_H -\u003e shelly:shellyht:f931d5:sensors#humidity": {
    "class": "org.eclipse.smarthome.core.thing.link.ItemChannelLink",
    "value": {
      "channelUID": {
        "segments": [
          "shelly",
          "shellyht",
          "f931d5",
          "sensors#humidity"
        ]
      },
      "configuration": {
        "properties": {
          "profile": "system:default"
        }
      },
      "itemName": "Shellyht_room6_2_H"
    }
  },
  "Shellyht_room6_3_Battery -\u003e shelly:shellyht:f93b4f:battery#batteryLevel": {
    "class": "org.eclipse.smarthome.core.thing.link.ItemChannelLink",
    "value": {
      "channelUID": {
        "segments": [
          "shelly",
          "shellyht",
          "f93b4f",
          "battery#batteryLevel"
        ]
      },
      "configuration": {
        "properties": {
          "profile": "system:default"
        }
      },
      "itemName": "Shellyht_room6_3_Battery"
    }
  },
  "Shellyht_room3_3_T -\u003e shelly:shellyht:f93c0a:sensors#temperature": {
    "class": "org.eclipse.smarthome.core.thing.link.ItemChannelLink",
    "value": {
      "channelUID": {
        "segments": [
          "shelly",
          "shellyht",
          "f93c0a",
          "sensors#temperature"
        ]
      },
      "configuration": {
        "properties": {
          "profile": "system:default"
        }
      },
      "itemName": "Shellyht_room3_3_T"
    }
  },
  "Shellyht_F93c0b_101_Battery_ -\u003e shelly:shellyht:f93c0b:battery#batteryLevel": {
    "class": "org.eclipse.smarthome.core.thing.link.ItemChannelLink",
    "value": {
      "channelUID": {
        "segments": [
          "shelly",
          "shellyht",
          "f93c0b",
          "battery#batteryLevel"
        ]
      },
      "configuration": {
        "properties": {
          "profile": "system:default"
        }
      },
      "itemName": "Shellyht_F93c0b_101_Battery_"
    }
  },
  "Shellyht_room14_2_H -\u003e shelly:shellyht:f934fa:sensors#humidity": {
    "class": "org.eclipse.smarthome.core.thing.link.ItemChannelLink",
    "value": {
      "channelUID": {
        "segments": [
          "shelly",
          "shellyht",
          "f934fa",
          "sensors#humidity"
        ]
      },
      "configuration": {
        "properties": {
          "profile": "system:default"
        }
      },
      "itemName": "Shellyht_room14_2_H"
    }
  },
  "Shellyht_room8_3_H -\u003e shelly:shellyht:f93ba8:sensors#humidity": {
    "class": "org.eclipse.smarthome.core.thing.link.ItemChannelLink",
    "value": {
      "channelUID": {
        "segments": [
          "shelly",
          "shellyht",
          "f93ba8",
          "sensors#humidity"
        ]
      },
      "configuration": {
        "properties": {
          "profile": "system:default"
        }
      },
      "itemName": "Shellyht_room8_3_H"
    }
  },
  "Shellyht_room1_3_H -\u003e shelly:shellyht:f936c9:sensors#humidity": {
    "class": "org.eclipse.smarthome.core.thing.link.ItemChannelLink",
    "value": {
      "channelUID": {
        "segments": [
          "shelly",
          "shellyht",
          "f936c9",
          "sensors#humidity"
        ]
      },
      "configuration": {
        "properties": {
          "profile": "system:default"
        }
      },
      "itemName": "Shellyht_room1_3_H"
    }
  },
  "Shellyht_room2_1_Battery -\u003e shelly:shellyht:f9381b:battery#batteryLevel": {
    "class": "org.eclipse.smarthome.core.thing.link.ItemChannelLink",
    "value": {
      "channelUID": {
        "segments": [
          "shelly",
          "shellyht",
          "f9381b",
          "battery#batteryLevel"
        ]
      },
      "configuration": {
        "properties": {
          "profile": "system:default"
        }
      },
      "itemName": "Shellyht_room2_1_Battery"
    }
  },
  "Shellyht_room3_1_Battery -\u003e shelly:shellyht:f93c06:battery#batteryLevel": {
    "class": "org.eclipse.smarthome.core.thing.link.ItemChannelLink",
    "value": {
      "channelUID": {
        "segments": [
          "shelly",
          "shellyht",
          "f93c06",
          "battery#batteryLevel"
        ]
      },
      "configuration": {
        "properties": {
          "profile": "system:default"
        }
      },
      "itemName": "Shellyht_room3_1_Battery"
    }
  },
  "Shellyht_room12_3_Battery -\u003e shelly:shellyht:f2b3ce:battery#batteryLevel": {
    "class": "org.eclipse.smarthome.core.thing.link.ItemChannelLink",
    "value": {
      "channelUID": {
        "segments": [
          "shelly",
          "shellyht",
          "f2b3ce",
          "battery#batteryLevel"
        ]
      },
      "configuration": {
        "properties": {
          "profile": "system:default"
        }
      },
      "itemName": "Shellyht_room12_3_Battery"
    }
  },
  "Shellyht_room4_3_T -\u003e shelly:shellyht:f93be4:sensors#temperature": {
    "class": "org.eclipse.smarthome.core.thing.link.ItemChannelLink",
    "value": {
      "channelUID": {
        "segments": [
          "shelly",
          "shellyht",
          "f93be4",
          "sensors#temperature"
        ]
      },
      "configuration": {
        "properties": {
          "profile": "system:default"
        }
      },
      "itemName": "Shellyht_room4_3_T"
    }
  },
  "Shellyht_room5_3_T -\u003e shelly:shellyht:f93227:sensors#temperature": {
    "class": "org.eclipse.smarthome.core.thing.link.ItemChannelLink",
    "value": {
      "channelUID": {
        "segments": [
          "shelly",
          "shellyht",
          "f93227",
          "sensors#temperature"
        ]
      },
      "configuration": {
        "properties": {
          "profile": "system:default"
        }
      },
      "itemName": "Shellyht_room5_3_T"
    }
  },
  "Shellyht_room2_2_T -\u003e shelly:shellyht:f93520:sensors#temperature": {
    "class": "org.eclipse.smarthome.core.thing.link.ItemChannelLink",
    "value": {
      "channelUID": {
        "segments": [
          "shelly",
          "shellyht",
          "f93520",
          "sensors#temperature"
        ]
      },
      "configuration": {
        "properties": {
          "profile": "system:default"
        }
      },
      "itemName": "Shellyht_room2_2_T"
    }
  },
  "Shellyht_room4_3_Battery -\u003e shelly:shellyht:f93be4:battery#batteryLevel": {
    "class": "org.eclipse.smarthome.core.thing.link.ItemChannelLink",
    "value": {
      "channelUID": {
        "segments": [
          "shelly",
          "shellyht",
          "f93be4",
          "battery#batteryLevel"
        ]
      },
      "configuration": {
        "properties": {
          "profile": "system:default"
        }
      },
      "itemName": "Shellyht_room4_3_Battery"
    }
  },
  "Shellyht_room10_1_H -\u003e shelly:shellyht:f93ca4:sensors#humidity": {
    "class": "org.eclipse.smarthome.core.thing.link.ItemChannelLink",
    "value": {
      "channelUID": {
        "segments": [
          "shelly",
          "shellyht",
          "f93ca4",
          "sensors#humidity"
        ]
      },
      "configuration": {
        "properties": {
          "profile": "system:default"
        }
      },
      "itemName": "Shellyht_room10_1_H"
    }
  },
  "Piservice_Input -\u003e exec:command:db0fa3eb:input": {
    "class": "org.eclipse.smarthome.core.thing.link.ItemChannelLink",
    "value": {
      "channelUID": {
        "segments": [
          "exec",
          "command",
          "db0fa3eb",
          "input"
        ]
      },
      "configuration": {
        "properties": {
          "profile": "system:default"
        }
      },
      "itemName": "Piservice_Input"
    }
  },
  "Shellyht_room7_1_H -\u003e shelly:shellyht:f93b69:sensors#humidity": {
    "class": "org.eclipse.smarthome.core.thing.link.ItemChannelLink",
    "value": {
      "channelUID": {
        "segments": [
          "shelly",
          "shellyht",
          "f93b69",
          "sensors#humidity"
        ]
      },
      "configuration": {
        "properties": {
          "profile": "system:default"
        }
      },
      "itemName": "Shellyht_room7_1_H"
    }
  },
  "Shellyht_room12_2_H -\u003e shelly:shellyht:f939d3:sensors#humidity": {
    "class": "org.eclipse.smarthome.core.thing.link.ItemChannelLink",
    "value": {
      "channelUID": {
        "segments": [
          "shelly",
          "shellyht",
          "f939d3",
          "sensors#humidity"
        ]
      },
      "configuration": {
        "properties": {
          "profile": "system:default"
        }
      },
      "itemName": "Shellyht_room12_2_H"
    }
  },
  "Shellyht_room9_2_H -\u003e shelly:shellyht:f93b5c:sensors#humidity": {
    "class": "org.eclipse.smarthome.core.thing.link.ItemChannelLink",
    "value": {
      "channelUID": {
        "segments": [
          "shelly",
          "shellyht",
          "f93b5c",
          "sensors#humidity"
        ]
      },
      "configuration": {
        "properties": {
          "profile": "system:default"
        }
      },
      "itemName": "Shellyht_room9_2_H"
    }
  },
  "Shellyht_room1_3_Battery -\u003e shelly:shellyht:f936c9:battery#batteryLevel": {
    "class": "org.eclipse.smarthome.core.thing.link.ItemChannelLink",
    "value": {
      "channelUID": {
        "segments": [
          "shelly",
          "shellyht",
          "f936c9",
          "battery#batteryLevel"
        ]
      },
      "configuration": {
        "properties": {
          "profile": "system:default"
        }
      },
      "itemName": "Shellyht_room1_3_Battery"
    }
  },
  "Shellyht_room11_1_H -\u003e shelly:shellyht:f93bb2:sensors#humidity": {
    "class": "org.eclipse.smarthome.core.thing.link.ItemChannelLink",
    "value": {
      "channelUID": {
        "segments": [
          "shelly",
          "shellyht",
          "f93bb2",
          "sensors#humidity"
        ]
      },
      "configuration": {
        "properties": {
          "profile": "system:default"
        }
      },
      "itemName": "Shellyht_room11_1_H"
    }
  },
  "Shellyht_room12_1_H -\u003e shelly:shellyht:f93c48:sensors#humidity": {
    "class": "org.eclipse.smarthome.core.thing.link.ItemChannelLink",
    "value": {
      "channelUID": {
        "segments": [
          "shelly",
          "shellyht",
          "f93c48",
          "sensors#humidity"
        ]
      },
      "configuration": {
        "properties": {
          "profile": "system:default"
        }
      },
      "itemName": "Shellyht_room12_1_H"
    }
  },
  "Shellyht_room2_2_Battery -\u003e shelly:shellyht:f93520:battery#batteryLevel": {
    "class": "org.eclipse.smarthome.core.thing.link.ItemChannelLink",
    "value": {
      "channelUID": {
        "segments": [
          "shelly",
          "shellyht",
          "f93520",
          "battery#batteryLevel"
        ]
      },
      "configuration": {
        "properties": {
          "profile": "system:default"
        }
      },
      "itemName": "Shellyht_room2_2_Battery"
    }
  },
  "Shellyht_room12_3_T -\u003e shelly:shellyht:f2b3ce:sensors#temperature": {
    "class": "org.eclipse.smarthome.core.thing.link.ItemChannelLink",
    "value": {
      "channelUID": {
        "segments": [
          "shelly",
          "shellyht",
          "f2b3ce",
          "sensors#temperature"
        ]
      },
      "configuration": {
        "properties": {
          "profile": "system:default"
        }
      },
      "itemName": "Shellyht_room12_3_T"
    }
  },
  "Shellyht_F93c0b_101_H -\u003e shelly:shellyht:f93c0b:sensors#humidity": {
    "class": "org.eclipse.smarthome.core.thing.link.ItemChannelLink",
    "value": {
      "channelUID": {
        "segments": [
          "shelly",
          "shellyht",
          "f93c0b",
          "sensors#humidity"
        ]
      },
      "configuration": {
        "properties": {
          "profile": "system:default"
        }
      },
      "itemName": "Shellyht_F93c0b_101_H"
    }
  },
  "Shellyht_room14_3_H -\u003e shelly:shellyht:f93305:sensors#humidity": {
    "class": "org.eclipse.smarthome.core.thing.link.ItemChannelLink",
    "value": {
      "channelUID": {
        "segments": [
          "shelly",
          "shellyht",
          "f93305",
          "sensors#humidity"
        ]
      },
      "configuration": {
        "properties": {
          "profile": "system:default"
        }
      },
      "itemName": "Shellyht_room14_3_H"
    }
  },
  "Shellyht_room8_2_T -\u003e shelly:shellyht:f937a6:sensors#temperature": {
    "class": "org.eclipse.smarthome.core.thing.link.ItemChannelLink",
    "value": {
      "channelUID": {
        "segments": [
          "shelly",
          "shellyht",
          "f937a6",
          "sensors#temperature"
        ]
      },
      "configuration": {
        "properties": {
          "profile": "system:default"
        }
      },
      "itemName": "Shellyht_room8_2_T"
    }
  },
  "ModbusData_LastErroringWrite -\u003e modbus:data:52d0d078:lastWriteError": {
    "class": "org.eclipse.smarthome.core.thing.link.ItemChannelLink",
    "value": {
      "channelUID": {
        "segments": [
          "modbus",
          "data",
          "52d0d078",
          "lastWriteError"
        ]
      },
      "configuration": {
        "properties": {
          "profile": "system:default"
        }
      },
      "itemName": "ModbusData_LastErroringWrite"
    }
  },
  "Shellyht_room3_2_Battery -\u003e shelly:shellyht:f937a3:battery#batteryLevel": {
    "class": "org.eclipse.smarthome.core.thing.link.ItemChannelLink",
    "value": {
      "channelUID": {
        "segments": [
          "shelly",
          "shellyht",
          "f937a3",
          "battery#batteryLevel"
        ]
      },
      "configuration": {
        "properties": {
          "profile": "system:default"
        }
      },
      "itemName": "Shellyht_room3_2_Battery"
    }
  },
  "Shellyht_room8_3_T -\u003e shelly:shellyht:f93ba8:sensors#temperature": {
    "class": "org.eclipse.smarthome.core.thing.link.ItemChannelLink",
    "value": {
      "channelUID": {
        "segments": [
          "shelly",
          "shellyht",
          "f93ba8",
          "sensors#temperature"
        ]
      },
      "configuration": {
        "properties": {
          "profile": "system:default"
        }
      },
      "itemName": "Shellyht_room8_3_T"
    }
  },
  "Shellyht_room8_1_Battery -\u003e shelly:shellyht:f93b91:battery#batteryLevel": {
    "class": "org.eclipse.smarthome.core.thing.link.ItemChannelLink",
    "value": {
      "channelUID": {
        "segments": [
          "shelly",
          "shellyht",
          "f93b91",
          "battery#batteryLevel"
        ]
      },
      "configuration": {
        "properties": {
          "profile": "system:default"
        }
      },
      "itemName": "Shellyht_room8_1_Battery"
    }
  },
  "Shellyht_room10_1_T -\u003e shelly:shellyht:f93ca4:sensors#temperature": {
    "class": "org.eclipse.smarthome.core.thing.link.ItemChannelLink",
    "value": {
      "channelUID": {
        "segments": [
          "shelly",
          "shellyht",
          "f93ca4",
          "sensors#temperature"
        ]
      },
      "configuration": {
        "properties": {
          "profile": "system:default"
        }
      },
      "itemName": "Shellyht_room10_1_T"
    }
  },
  "Shellyht_room13_1_Battery -\u003e shelly:shellyht:f93b78:battery#batteryLevel": {
    "class": "org.eclipse.smarthome.core.thing.link.ItemChannelLink",
    "value": {
      "channelUID": {
        "segments": [
          "shelly",
          "shellyht",
          "f93b78",
          "battery#batteryLevel"
        ]
      },
      "configuration": {
        "properties": {
          "profile": "system:default"
        }
      },
      "itemName": "Shellyht_room13_1_Battery"
    }
  },
  "Shellyht_room3_1_H -\u003e shelly:shellyht:f93c06:sensors#humidity": {
    "class": "org.eclipse.smarthome.core.thing.link.ItemChannelLink",
    "value": {
      "channelUID": {
        "segments": [
          "shelly",
          "shellyht",
          "f93c06",
          "sensors#humidity"
        ]
      },
      "configuration": {
        "properties": {
          "profile": "system:default"
        }
      },
      "itemName": "Shellyht_room3_1_H"
    }
  },
  "Shellyht_room5_2_H -\u003e shelly:shellyht:f93878:sensors#humidity": {
    "class": "org.eclipse.smarthome.core.thing.link.ItemChannelLink",
    "value": {
      "channelUID": {
        "segments": [
          "shelly",
          "shellyht",
          "f93878",
          "sensors#humidity"
        ]
      },
      "configuration": {
        "properties": {
          "profile": "system:default"
        }
      },
      "itemName": "Shellyht_room5_2_H"
    }
  },
  "Shellyht_room5_1_Battery -\u003e shelly:shellyht:f93ba2:battery#batteryLevel": {
    "class": "org.eclipse.smarthome.core.thing.link.ItemChannelLink",
    "value": {
      "channelUID": {
        "segments": [
          "shelly",
          "shellyht",
          "f93ba2",
          "battery#batteryLevel"
        ]
      },
      "configuration": {
        "properties": {
          "profile": "system:default"
        }
      },
      "itemName": "Shellyht_room5_1_Battery"
    }
  },
  "Shellyrgbw2_F44323_123_White -\u003e shelly:shellyrgbw2-white:f44323:channel4#brightness": {
    "class": "org.eclipse.smarthome.core.thing.link.ItemChannelLink",
    "value": {
      "channelUID": {
        "segments": [
          "shelly",
          "shellyrgbw2-white",
          "f44323",
          "channel4#brightness"
        ]
      },
      "configuration": {
        "properties": {
          "profile": "system:default"
        }
      },
      "itemName": "Shellyrgbw2_F44323_123_White"
    }
  },
  "Shellyht_room10_2_T -\u003e shelly:shellyht:f930e1:sensors#temperature": {
    "class": "org.eclipse.smarthome.core.thing.link.ItemChannelLink",
    "value": {
      "channelUID": {
        "segments": [
          "shelly",
          "shellyht",
          "f930e1",
          "sensors#temperature"
        ]
      },
      "configuration": {
        "properties": {
          "profile": "system:default"
        }
      },
      "itemName": "Shellyht_room10_2_T"
    }
  },
  "Shellyht_room7_121_H -\u003e shelly:shellyht:f93267:sensors#humidity": {
    "class": "org.eclipse.smarthome.core.thing.link.ItemChannelLink",
    "value": {
      "channelUID": {
        "segments": [
          "shelly",
          "shellyht",
          "f93267",
          "sensors#humidity"
        ]
      },
      "configuration": {
        "properties": {
          "profile": "system:default"
        }
      },
      "itemName": "Shellyht_room7_121_H"
    }
  },
  "Shellyrgbw2_F44323_123_Channel3_Color -\u003e shelly:shellyrgbw2-white:f44323:channel3#brightness": {
    "class": "org.eclipse.smarthome.core.thing.link.ItemChannelLink",
    "value": {
      "channelUID": {
        "segments": [
          "shelly",
          "shellyrgbw2-white",
          "f44323",
          "channel3#brightness"
        ]
      },
      "configuration": {
        "properties": {
          "profile": "system:default"
        }
      },
      "itemName": "Shellyrgbw2_F44323_123_Channel3_Color"
    }
  },
  "Shellyht_room5_3_Battery -\u003e shelly:shellyht:f93227:battery#batteryLevel": {
    "class": "org.eclipse.smarthome.core.thing.link.ItemChannelLink",
    "value": {
      "channelUID": {
        "segments": [
          "shelly",
          "shellyht",
          "f93227",
          "battery#batteryLevel"
        ]
      },
      "configuration": {
        "properties": {
          "profile": "system:default"
        }
      },
      "itemName": "Shellyht_room5_3_Battery"
    }
  },
  "Shellyht_room14_1_T -\u003e shelly:shellyht:f93b82:sensors#temperature": {
    "class": "org.eclipse.smarthome.core.thing.link.ItemChannelLink",
    "value": {
      "channelUID": {
        "segments": [
          "shelly",
          "shellyht",
          "f93b82",
          "sensors#temperature"
        ]
      },
      "configuration": {
        "properties": {
          "profile": "system:default"
        }
      },
      "itemName": "Shellyht_room14_1_T"
    }
  },
  "Shellyht_room3_2_T -\u003e shelly:shellyht:f937a3:sensors#temperature": {
    "class": "org.eclipse.smarthome.core.thing.link.ItemChannelLink",
    "value": {
      "channelUID": {
        "segments": [
          "shelly",
          "shellyht",
          "f937a3",
          "sensors#temperature"
        ]
      },
      "configuration": {
        "properties": {
          "profile": "system:default"
        }
      },
      "itemName": "Shellyht_room3_2_T"
    }
  },
  "Shellyht_F93b61_100_H -\u003e shelly:shellyht:f93b61:sensors#humidity": {
    "class": "org.eclipse.smarthome.core.thing.link.ItemChannelLink",
    "value": {
      "channelUID": {
        "segments": [
          "shelly",
          "shellyht",
          "f93b61",
          "sensors#humidity"
        ]
      },
      "configuration": {
        "properties": {
          "profile": "system:default"
        }
      },
      "itemName": "Shellyht_F93b61_100_H"
    }
  },
  "Shellyht_room5_3_H -\u003e shelly:shellyht:f93227:sensors#humidity": {
    "class": "org.eclipse.smarthome.core.thing.link.ItemChannelLink",
    "value": {
      "channelUID": {
        "segments": [
          "shelly",
          "shellyht",
          "f93227",
          "sensors#humidity"
        ]
      },
      "configuration": {
        "properties": {
          "profile": "system:default"
        }
      },
      "itemName": "Shellyht_room5_3_H"
    }
  },
  "Shellyht_room10_2_H -\u003e shelly:shellyht:f930e1:sensors#humidity": {
    "class": "org.eclipse.smarthome.core.thing.link.ItemChannelLink",
    "value": {
      "channelUID": {
        "segments": [
          "shelly",
          "shellyht",
          "f930e1",
          "sensors#humidity"
        ]
      },
      "configuration": {
        "properties": {
          "profile": "system:default"
        }
      },
      "itemName": "Shellyht_room10_2_H"
    }
  },
  "Shellyht_room1_103_Signal -\u003e shelly:shellyht:f936c9:device#wifiSignal": {
    "class": "org.eclipse.smarthome.core.thing.link.ItemChannelLink",
    "value": {
      "channelUID": {
        "segments": [
          "shelly",
          "shellyht",
          "f936c9",
          "device#wifiSignal"
        ]
      },
      "configuration": {
        "properties": {
          "profile": "system:default"
        }
      },
      "itemName": "Shellyht_room1_103_Signal"
    }
  },
  "Shellyht_room12_2_T -\u003e shelly:shellyht:f939d3:sensors#temperature": {
    "class": "org.eclipse.smarthome.core.thing.link.ItemChannelLink",
    "value": {
      "channelUID": {
        "segments": [
          "shelly",
          "shellyht",
          "f939d3",
          "sensors#temperature"
        ]
      },
      "configuration": {
        "properties": {
          "profile": "system:default"
        }
      },
      "itemName": "Shellyht_room12_2_T"
    }
  },
  "Shellyht_room1_102_Signal -\u003e shelly:shellyht:f9384b:device#wifiSignal": {
    "class": "org.eclipse.smarthome.core.thing.link.ItemChannelLink",
    "value": {
      "channelUID": {
        "segments": [
          "shelly",
          "shellyht",
          "f9384b",
          "device#wifiSignal"
        ]
      },
      "configuration": {
        "properties": {
          "profile": "system:default"
        }
      },
      "itemName": "Shellyht_room1_102_Signal"
    }
  },
  "Shellyht_room8_2_H -\u003e shelly:shellyht:f937a6:sensors#humidity": {
    "class": "org.eclipse.smarthome.core.thing.link.ItemChannelLink",
    "value": {
      "channelUID": {
        "segments": [
          "shelly",
          "shellyht",
          "f937a6",
          "sensors#humidity"
        ]
      },
      "configuration": {
        "properties": {
          "profile": "system:default"
        }
      },
      "itemName": "Shellyht_room8_2_H"
    }
  },
  "Shellyht_room11_2_T -\u003e shelly:shellyht:f9333e:sensors#temperature": {
    "class": "org.eclipse.smarthome.core.thing.link.ItemChannelLink",
    "value": {
      "channelUID": {
        "segments": [
          "shelly",
          "shellyht",
          "f9333e",
          "sensors#temperature"
        ]
      },
      "configuration": {
        "properties": {
          "profile": "system:default"
        }
      },
      "itemName": "Shellyht_room11_2_T"
    }
  },
  "Shellyht_room3_3_Battery -\u003e shelly:shellyht:f93c0a:battery#batteryLevel": {
    "class": "org.eclipse.smarthome.core.thing.link.ItemChannelLink",
    "value": {
      "channelUID": {
        "segments": [
          "shelly",
          "shellyht",
          "f93c0a",
          "battery#batteryLevel"
        ]
      },
      "configuration": {
        "properties": {
          "profile": "system:default"
        }
      },
      "itemName": "Shellyht_room3_3_Battery"
    }
  },
  "Shellyht_room9_3_T -\u003e shelly:shellyht:f9385a:sensors#temperature": {
    "class": "org.eclipse.smarthome.core.thing.link.ItemChannelLink",
    "value": {
      "channelUID": {
        "segments": [
          "shelly",
          "shellyht",
          "f9385a",
          "sensors#temperature"
        ]
      },
      "configuration": {
        "properties": {
          "profile": "system:default"
        }
      },
      "itemName": "Shellyht_room9_3_T"
    }
  },
  "Shellyht_room14_2_Battery -\u003e shelly:shellyht:f934fa:battery#batteryLevel": {
    "class": "org.eclipse.smarthome.core.thing.link.ItemChannelLink",
    "value": {
      "channelUID": {
        "segments": [
          "shelly",
          "shellyht",
          "f934fa",
          "battery#batteryLevel"
        ]
      },
      "configuration": {
        "properties": {
          "profile": "system:default"
        }
      },
      "itemName": "Shellyht_room14_2_Battery"
    }
  },
  "Shellyht_room9_3_H -\u003e shelly:shellyht:f9385a:sensors#humidity": {
    "class": "org.eclipse.smarthome.core.thing.link.ItemChannelLink",
    "value": {
      "channelUID": {
        "segments": [
          "shelly",
          "shellyht",
          "f9385a",
          "sensors#humidity"
        ]
      },
      "configuration": {
        "properties": {
          "profile": "system:default"
        }
      },
      "itemName": "Shellyht_room9_3_H"
    }
  },
  "Shellyht_room9_1_Battery -\u003e shelly:shellyht:f93c41:battery#batteryLevel": {
    "class": "org.eclipse.smarthome.core.thing.link.ItemChannelLink",
    "value": {
      "channelUID": {
        "segments": [
          "shelly",
          "shellyht",
          "f93c41",
          "battery#batteryLevel"
        ]
      },
      "configuration": {
        "properties": {
          "profile": "system:default"
        }
      },
      "itemName": "Shellyht_room9_1_Battery"
    }
  },
  "Shellyht_room10_2_Battery -\u003e shelly:shellyht:f930e1:battery#batteryLevel": {
    "class": "org.eclipse.smarthome.core.thing.link.ItemChannelLink",
    "value": {
      "channelUID": {
        "segments": [
          "shelly",
          "shellyht",
          "f930e1",
          "battery#batteryLevel"
        ]
      },
      "configuration": {
        "properties": {
          "profile": "system:default"
        }
      },
      "itemName": "Shellyht_room10_2_Battery"
    }
  },
  "Shellyht_room9_1_T -\u003e shelly:shellyht:f93c41:sensors#temperature": {
    "class": "org.eclipse.smarthome.core.thing.link.ItemChannelLink",
    "value": {
      "channelUID": {
        "segments": [
          "shelly",
          "shellyht",
          "f93c41",
          "sensors#temperature"
        ]
      },
      "configuration": {
        "properties": {
          "profile": "system:default"
        }
      },
      "itemName": "Shellyht_room9_1_T"
    }
  },
  "Shellyht_room14_1_H -\u003e shelly:shellyht:f93b82:sensors#humidity": {
    "class": "org.eclipse.smarthome.core.thing.link.ItemChannelLink",
    "value": {
      "channelUID": {
        "segments": [
          "shelly",
          "shellyht",
          "f93b82",
          "sensors#humidity"
        ]
      },
      "configuration": {
        "properties": {
          "profile": "system:default"
        }
      },
      "itemName": "Shellyht_room14_1_H"
    }
  },
  "Shellyht_room6_1_T -\u003e shelly:shellyht:f9326b:sensors#temperature": {
    "class": "org.eclipse.smarthome.core.thing.link.ItemChannelLink",
    "value": {
      "channelUID": {
        "segments": [
          "shelly",
          "shellyht",
          "f9326b",
          "sensors#temperature"
        ]
      },
      "configuration": {
        "properties": {
          "profile": "system:default"
        }
      },
      "itemName": "Shellyht_room6_1_T"
    }
  },
  "Shellyht_room12_1_T -\u003e shelly:shellyht:f93c48:sensors#temperature": {
    "class": "org.eclipse.smarthome.core.thing.link.ItemChannelLink",
    "value": {
      "channelUID": {
        "segments": [
          "shelly",
          "shellyht",
          "f93c48",
          "sensors#temperature"
        ]
      },
      "configuration": {
        "properties": {
          "profile": "system:default"
        }
      },
      "itemName": "Shellyht_room12_1_T"
    }
  },
  "Shellyht_room2_1_T -\u003e shelly:shellyht:f9381b:sensors#temperature": {
    "class": "org.eclipse.smarthome.core.thing.link.ItemChannelLink",
    "value": {
      "channelUID": {
        "segments": [
          "shelly",
          "shellyht",
          "f9381b",
          "sensors#temperature"
        ]
      },
      "configuration": {
        "properties": {
          "profile": "system:default"
        }
      },
      "itemName": "Shellyht_room2_1_T"
    }
  },
  "Shellyht_room12_1_Battery -\u003e shelly:shellyht:f93c48:battery#batteryLevel": {
    "class": "org.eclipse.smarthome.core.thing.link.ItemChannelLink",
    "value": {
      "channelUID": {
        "segments": [
          "shelly",
          "shellyht",
          "f93c48",
          "battery#batteryLevel"
        ]
      },
      "configuration": {
        "properties": {
          "profile": "system:default"
        }
      },
      "itemName": "Shellyht_room12_1_Battery"
    }
  },
  "Shellyht_room13_3_Battery -\u003e shelly:shellyht:f93395:battery#batteryLevel": {
    "class": "org.eclipse.smarthome.core.thing.link.ItemChannelLink",
    "value": {
      "channelUID": {
        "segments": [
          "shelly",
          "shellyht",
          "f93395",
          "battery#batteryLevel"
        ]
      },
      "configuration": {
        "properties": {
          "profile": "system:default"
        }
      },
      "itemName": "Shellyht_room13_3_Battery"
    }
  },
  "Shellyht_room4_1_T -\u003e shelly:shellyht:f939c3:sensors#temperature": {
    "class": "org.eclipse.smarthome.core.thing.link.ItemChannelLink",
    "value": {
      "channelUID": {
        "segments": [
          "shelly",
          "shellyht",
          "f939c3",
          "sensors#temperature"
        ]
      },
      "configuration": {
        "properties": {
          "profile": "system:default"
        }
      },
      "itemName": "Shellyht_room4_1_T"
    }
  },
  "Shellyht_room11_2_H -\u003e shelly:shellyht:f9333e:sensors#humidity": {
    "class": "org.eclipse.smarthome.core.thing.link.ItemChannelLink",
    "value": {
      "channelUID": {
        "segments": [
          "shelly",
          "shellyht",
          "f9333e",
          "sensors#humidity"
        ]
      },
      "configuration": {
        "properties": {
          "profile": "system:default"
        }
      },
      "itemName": "Shellyht_room11_2_H"
    }
  },
  "Shellyht_room1_1_T -\u003e shelly:shellyht:f93ba7:sensors#temperature": {
    "class": "org.eclipse.smarthome.core.thing.link.ItemChannelLink",
    "value": {
      "channelUID": {
        "segments": [
          "shelly",
          "shellyht",
          "f93ba7",
          "sensors#temperature"
        ]
      },
      "configuration": {
        "properties": {
          "profile": "system:default"
        }
      },
      "itemName": "Shellyht_room1_1_T"
    }
  },
  "Shellyht_room3_1_T -\u003e shelly:shellyht:f93c06:sensors#temperature": {
    "class": "org.eclipse.smarthome.core.thing.link.ItemChannelLink",
    "value": {
      "channelUID": {
        "segments": [
          "shelly",
          "shellyht",
          "f93c06",
          "sensors#temperature"
        ]
      },
      "configuration": {
        "properties": {
          "profile": "system:default"
        }
      },
      "itemName": "Shellyht_room3_1_T"
    }
  },
  "Shellyht_room7_121_Battery -\u003e shelly:shellyht:f93267:battery#batteryLevel": {
    "class": "org.eclipse.smarthome.core.thing.link.ItemChannelLink",
    "value": {
      "channelUID": {
        "segments": [
          "shelly",
          "shellyht",
          "f93267",
          "battery#batteryLevel"
        ]
      },
      "configuration": {
        "properties": {
          "profile": "system:default"
        }
      },
      "itemName": "Shellyht_room7_121_Battery"
    }
  },
  "Shellyht_room5_1_H -\u003e shelly:shellyht:f93ba2:sensors#humidity": {
    "class": "org.eclipse.smarthome.core.thing.link.ItemChannelLink",
    "value": {
      "channelUID": {
        "segments": [
          "shelly",
          "shellyht",
          "f93ba2",
          "sensors#humidity"
        ]
      },
      "configuration": {
        "properties": {
          "profile": "system:default"
        }
      },
      "itemName": "Shellyht_room5_1_H"
    }
  },
  "Shellyht_room9_3_Battery -\u003e shelly:shellyht:f9385a:battery#batteryLevel": {
    "class": "org.eclipse.smarthome.core.thing.link.ItemChannelLink",
    "value": {
      "channelUID": {
        "segments": [
          "shelly",
          "shellyht",
          "f9385a",
          "battery#batteryLevel"
        ]
      },
      "configuration": {
        "properties": {
          "profile": "system:default"
        }
      },
      "itemName": "Shellyht_room9_3_Battery"
    }
  },
  "Shellyht_room2_1_H -\u003e shelly:shellyht:f9381b:sensors#humidity": {
    "class": "org.eclipse.smarthome.core.thing.link.ItemChannelLink",
    "value": {
      "channelUID": {
        "segments": [
          "shelly",
          "shellyht",
          "f9381b",
          "sensors#humidity"
        ]
      },
      "configuration": {
        "properties": {
          "profile": "system:default"
        }
      },
      "itemName": "Shellyht_room2_1_H"
    }
  },
  "Shellyht_room6_3_H -\u003e shelly:shellyht:f93b4f:sensors#humidity": {
    "class": "org.eclipse.smarthome.core.thing.link.ItemChannelLink",
    "value": {
      "channelUID": {
        "segments": [
          "shelly",
          "shellyht",
          "f93b4f",
          "sensors#humidity"
        ]
      },
      "configuration": {
        "properties": {
          "profile": "system:default"
        }
      },
      "itemName": "Shellyht_room6_3_H"
    }
  },
  "Shellyht_room14_2_T -\u003e shelly:shellyht:f934fa:sensors#temperature": {
    "class": "org.eclipse.smarthome.core.thing.link.ItemChannelLink",
    "value": {
      "channelUID": {
        "segments": [
          "shelly",
          "shellyht",
          "f934fa",
          "sensors#temperature"
        ]
      },
      "configuration": {
        "properties": {
          "profile": "system:default"
        }
      },
      "itemName": "Shellyht_room14_2_T"
    }
  },
  "Shellyht_room1_1_Battery -\u003e shelly:shellyht:f93ba7:battery#batteryLevel": {
    "class": "org.eclipse.smarthome.core.thing.link.ItemChannelLink",
    "value": {
      "channelUID": {
        "segments": [
          "shelly",
          "shellyht",
          "f93ba7",
          "battery#batteryLevel"
        ]
      },
      "configuration": {
        "properties": {
          "profile": "system:default"
        }
      },
      "itemName": "Shellyht_room1_1_Battery"
    }
  },
  "Shellyht_room11_2_Battery -\u003e shelly:shellyht:f9333e:battery#batteryLevel": {
    "class": "org.eclipse.smarthome.core.thing.link.ItemChannelLink",
    "value": {
      "channelUID": {
        "segments": [
          "shelly",
          "shellyht",
          "f9333e",
          "battery#batteryLevel"
        ]
      },
      "configuration": {
        "properties": {
          "profile": "system:default"
        }
      },
      "itemName": "Shellyht_room11_2_Battery"
    }
  },
  "Shellyht_room11_3_H -\u003e shelly:shellyht:f93c19:sensors#humidity": {
    "class": "org.eclipse.smarthome.core.thing.link.ItemChannelLink",
    "value": {
      "channelUID": {
        "segments": [
          "shelly",
          "shellyht",
          "f93c19",
          "sensors#humidity"
        ]
      },
      "configuration": {
        "properties": {
          "profile": "system:default"
        }
      },
      "itemName": "Shellyht_room11_3_H"
    }
  },
  "Shellyht_room8_2_Battery -\u003e shelly:shellyht:f937a6:battery#batteryLevel": {
    "class": "org.eclipse.smarthome.core.thing.link.ItemChannelLink",
    "value": {
      "channelUID": {
        "segments": [
          "shelly",
          "shellyht",
          "f937a6",
          "battery#batteryLevel"
        ]
      },
      "configuration": {
        "properties": {
          "profile": "system:default"
        }
      },
      "itemName": "Shellyht_room8_2_Battery"
    }
  },
  "Shellyht_room13_3_H -\u003e shelly:shellyht:f93395:sensors#humidity": {
    "class": "org.eclipse.smarthome.core.thing.link.ItemChannelLink",
    "value": {
      "channelUID": {
        "segments": [
          "shelly",
          "shellyht",
          "f93395",
          "sensors#humidity"
        ]
      },
      "configuration": {
        "properties": {
          "profile": "system:default"
        }
      },
      "itemName": "Shellyht_room13_3_H"
    }
  },
  "Shellyht_room15_1_Battery -\u003e shelly:shellyht:f93b59:battery#batteryLevel": {
    "class": "org.eclipse.smarthome.core.thing.link.ItemChannelLink",
    "value": {
      "channelUID": {
        "segments": [
          "shelly",
          "shellyht",
          "f93b59",
          "battery#batteryLevel"
        ]
      },
      "configuration": {
        "properties": {
          "profile": "system:default"
        }
      },
      "itemName": "Shellyht_room15_1_Battery"
    }
  },
  "Shellyht_room12_3_H -\u003e shelly:shellyht:f2b3ce:sensors#humidity": {
    "class": "org.eclipse.smarthome.core.thing.link.ItemChannelLink",
    "value": {
      "channelUID": {
        "segments": [
          "shelly",
          "shellyht",
          "f2b3ce",
          "sensors#humidity"
        ]
      },
      "configuration": {
        "properties": {
          "profile": "system:default"
        }
      },
      "itemName": "Shellyht_room12_3_H"
    }
  },
  "Shellyht_room15_145_Battery -\u003e shelly:shellyht:f93388:battery#batteryLevel": {
    "class": "org.eclipse.smarthome.core.thing.link.ItemChannelLink",
    "value": {
      "channelUID": {
        "segments": [
          "shelly",
          "shellyht",
          "f93388",
          "battery#batteryLevel"
        ]
      },
      "configuration": {
        "properties": {
          "profile": "system:default"
        }
      },
      "itemName": "Shellyht_room15_145_Battery"
    }
  },
  "Shellyht_room2_3_H -\u003e shelly:shellyht:f9338e:sensors#humidity": {
    "class": "org.eclipse.smarthome.core.thing.link.ItemChannelLink",
    "value": {
      "channelUID": {
        "segments": [
          "shelly",
          "shellyht",
          "f9338e",
          "sensors#humidity"
        ]
      },
      "configuration": {
        "properties": {
          "profile": "system:default"
        }
      },
      "itemName": "Shellyht_room2_3_H"
    }
  },
  "Shellyht_room6_2_T -\u003e shelly:shellyht:f931d5:sensors#temperature": {
    "class": "org.eclipse.smarthome.core.thing.link.ItemChannelLink",
    "value": {
      "channelUID": {
        "segments": [
          "shelly",
          "shellyht",
          "f931d5",
          "sensors#temperature"
        ]
      },
      "configuration": {
        "properties": {
          "profile": "system:default"
        }
      },
      "itemName": "Shellyht_room6_2_T"
    }
  },
  "Shellyht_room9_2_T -\u003e shelly:shellyht:f93b5c:sensors#temperature": {
    "class": "org.eclipse.smarthome.core.thing.link.ItemChannelLink",
    "value": {
      "channelUID": {
        "segments": [
          "shelly",
          "shellyht",
          "f93b5c",
          "sensors#temperature"
        ]
      },
      "configuration": {
        "properties": {
          "profile": "system:default"
        }
      },
      "itemName": "Shellyht_room9_2_T"
    }
  },
  "Shellyht_room5_2_T -\u003e shelly:shellyht:f93878:sensors#temperature": {
    "class": "org.eclipse.smarthome.core.thing.link.ItemChannelLink",
    "value": {
      "channelUID": {
        "segments": [
          "shelly",
          "shellyht",
          "f93878",
          "sensors#temperature"
        ]
      },
      "configuration": {
        "properties": {
          "profile": "system:default"
        }
      },
      "itemName": "Shellyht_room5_2_T"
    }
  },
  "Shellyht_room10_3_H -\u003e shelly:shellyht:f93c6e:sensors#humidity": {
    "class": "org.eclipse.smarthome.core.thing.link.ItemChannelLink",
    "value": {
      "channelUID": {
        "segments": [
          "shelly",
          "shellyht",
          "f93c6e",
          "sensors#humidity"
        ]
      },
      "configuration": {
        "properties": {
          "profile": "system:default"
        }
      },
      "itemName": "Shellyht_room10_3_H"
    }
  },
  "Shellyht_room4_2_Battery -\u003e shelly:shellyht:f937a8:battery#batteryLevel": {
    "class": "org.eclipse.smarthome.core.thing.link.ItemChannelLink",
    "value": {
      "channelUID": {
        "segments": [
          "shelly",
          "shellyht",
          "f937a8",
          "battery#batteryLevel"
        ]
      },
      "configuration": {
        "properties": {
          "profile": "system:default"
        }
      },
      "itemName": "Shellyht_room4_2_Battery"
    }
  },
  "Shellyht_room8_3_Battery -\u003e shelly:shellyht:f93ba8:battery#batteryLevel": {
    "class": "org.eclipse.smarthome.core.thing.link.ItemChannelLink",
    "value": {
      "channelUID": {
        "segments": [
          "shelly",
          "shellyht",
          "f93ba8",
          "battery#batteryLevel"
        ]
      },
      "configuration": {
        "properties": {
          "profile": "system:default"
        }
      },
      "itemName": "Shellyht_room8_3_Battery"
    }
  },
  "Shellyht_room9_1_H -\u003e shelly:shellyht:f93c41:sensors#humidity": {
    "class": "org.eclipse.smarthome.core.thing.link.ItemChannelLink",
    "value": {
      "channelUID": {
        "segments": [
          "shelly",
          "shellyht",
          "f93c41",
          "sensors#humidity"
        ]
      },
      "configuration": {
        "properties": {
          "profile": "system:default"
        }
      },
      "itemName": "Shellyht_room9_1_H"
    }
  },
  "Shellyht_room2_3_T -\u003e shelly:shellyht:f9338e:sensors#temperature": {
    "class": "org.eclipse.smarthome.core.thing.link.ItemChannelLink",
    "value": {
      "channelUID": {
        "segments": [
          "shelly",
          "shellyht",
          "f9338e",
          "sensors#temperature"
        ]
      },
      "configuration": {
        "properties": {
          "profile": "system:default"
        }
      },
      "itemName": "Shellyht_room2_3_T"
    }
  },
  "Shellyht_room15_2_Battery -\u003e shelly:shellyht:f93c72:battery#batteryLevel": {
    "class": "org.eclipse.smarthome.core.thing.link.ItemChannelLink",
    "value": {
      "channelUID": {
        "segments": [
          "shelly",
          "shellyht",
          "f93c72",
          "battery#batteryLevel"
        ]
      },
      "configuration": {
        "properties": {
          "profile": "system:default"
        }
      },
      "itemName": "Shellyht_room15_2_Battery"
    }
  },
  "Shellyht_room5_2_Battery -\u003e shelly:shellyht:f93878:battery#batteryLevel": {
    "class": "org.eclipse.smarthome.core.thing.link.ItemChannelLink",
    "value": {
      "channelUID": {
        "segments": [
          "shelly",
          "shellyht",
          "f93878",
          "battery#batteryLevel"
        ]
      },
      "configuration": {
        "properties": {
          "profile": "system:default"
        }
      },
      "itemName": "Shellyht_room5_2_Battery"
    }
  },
  "Shellyht_room15_1_T -\u003e shelly:shellyht:f93b59:sensors#temperature": {
    "class": "org.eclipse.smarthome.core.thing.link.ItemChannelLink",
    "value": {
      "channelUID": {
        "segments": [
          "shelly",
          "shellyht",
          "f93b59",
          "sensors#temperature"
        ]
      },
      "configuration": {
        "properties": {
          "profile": "system:default"
        }
      },
      "itemName": "Shellyht_room15_1_T"
    }
  }
}