{
  "shelly:shellyht:f2b3ce": {
    "class": "org.eclipse.smarthome.config.discovery.internal.DiscoveryResultImpl",
    "value": {
      "thingUID": {
        "segments": [
          "shelly",
          "shellyht",
          "f2b3ce"
        ]
      },
      "thingTypeUID": {
        "segments": [
          "shelly",
          "shellyht"
        ]
      },
      "properties": {
        "deviceType": "shellyht",
        "deviceIp": "192.168.254.162",
        "modelId": "SHHT-1",
        "numberMeters": "0",
        "serviceName": "shellyht-f2b3ce",
        "numberRollers": "0",
        "macAddress": "98F4ABF2B3CE",
        "deviceMode": "",
        "numberRelays": "0",
        "devUpdatePeriod": "43800",
        "vendor": "Shelly",
        "firmwareVersion": "v1.6.0/20200309-104344(43056d58)"
      },
      "representationProperty": "shellyht-f2b3ce",
      "flag": "NEW",
      "label": "shellyht-f2b3ce - 192.168.254.162",
      "timestamp": 1596644794829,
      "timeToLive": -1
    }
  }
}