{
  "Shellyht_F93c0b_101_Battery_ -\u003e shelly:shellyht:f93c0b:battery#batteryLevel": {
    "class": "org.eclipse.smarthome.core.thing.link.ItemChannelLink",
    "value": {
      "channelUID": {
        "segments": [
          "shelly",
          "shellyht",
          "f93c0b",
          "battery#batteryLevel"
        ]
      },
      "configuration": {
        "properties": {
          "profile": "system:default"
        }
      },
      "itemName": "Shellyht_F93c0b_101_Battery_"
    }
  },
  "Shellyht_F93c0b_101_T -\u003e shelly:shellyht:f93c0b:sensors#temperature": {
    "class": "org.eclipse.smarthome.core.thing.link.ItemChannelLink",
    "value": {
      "channelUID": {
        "segments": [
          "shelly",
          "shellyht",
          "f93c0b",
          "sensors#temperature"
        ]
      },
      "configuration": {
        "properties": {
          "profile": "system:default"
        }
      },
      "itemName": "Shellyht_F93c0b_101_T"
    }
  },
  "Shellyrgbw2_F44323_123_Channel3_Color -\u003e shelly:shellyrgbw2-white:f44323:channel3#brightness": {
    "class": "org.eclipse.smarthome.core.thing.link.ItemChannelLink",
    "value": {
      "channelUID": {
        "segments": [
          "shelly",
          "shellyrgbw2-white",
          "f44323",
          "channel3#brightness"
        ]
      },
      "configuration": {
        "properties": {
          "profile": "system:default"
        }
      },
      "itemName": "Shellyrgbw2_F44323_123_Channel3_Color"
    }
  },
  "Shellyht_F93b61_100_H -\u003e shelly:shellyht:f93b61:sensors#humidity": {
    "class": "org.eclipse.smarthome.core.thing.link.ItemChannelLink",
    "value": {
      "channelUID": {
        "segments": [
          "shelly",
          "shellyht",
          "f93b61",
          "sensors#humidity"
        ]
      },
      "configuration": {
        "properties": {
          "profile": "system:default"
        }
      },
      "itemName": "Shellyht_F93b61_100_H"
    }
  },
  "ModbusData_LastErroringRead -\u003e modbus:data:52d0d078:lastReadError": {
    "class": "org.eclipse.smarthome.core.thing.link.ItemChannelLink",
    "value": {
      "channelUID": {
        "segments": [
          "modbus",
          "data",
          "52d0d078",
          "lastReadError"
        ]
      },
      "configuration": {
        "properties": {
          "profile": "system:default"
        }
      },
      "itemName": "ModbusData_LastErroringRead"
    }
  },
  "ModbusData_ValueAsString -\u003e modbus:data:52d0d078:string": {
    "class": "org.eclipse.smarthome.core.thing.link.ItemChannelLink",
    "value": {
      "channelUID": {
        "segments": [
          "modbus",
          "data",
          "52d0d078",
          "string"
        ]
      },
      "configuration": {
        "properties": {
          "profile": "system:default"
        }
      },
      "itemName": "ModbusData_ValueAsString"
    }
  },
  "Shellyht_F93c0b_101_H -\u003e shelly:shellyht:f93c0b:sensors#humidity": {
    "class": "org.eclipse.smarthome.core.thing.link.ItemChannelLink",
    "value": {
      "channelUID": {
        "segments": [
          "shelly",
          "shellyht",
          "f93c0b",
          "sensors#humidity"
        ]
      },
      "configuration": {
        "properties": {
          "profile": "system:default"
        }
      },
      "itemName": "Shellyht_F93c0b_101_H"
    }
  },
  "Shellyht162_T -\u003e shelly:shellyht:f2b3ce:sensors#temperature": {
    "class": "org.eclipse.smarthome.core.thing.link.ItemChannelLink",
    "value": {
      "channelUID": {
        "segments": [
          "shelly",
          "shellyht",
          "f2b3ce",
          "sensors#temperature"
        ]
      },
      "configuration": {
        "properties": {
          "profile": "system:default"
        }
      },
      "itemName": "Shellyht162_T"
    }
  },
  "Shellyht_f930e1_102_H -\u003e shelly:shellyht:f930e1:sensors#humidity": {
    "class": "org.eclipse.smarthome.core.thing.link.ItemChannelLink",
    "value": {
      "channelUID": {
        "segments": [
          "shelly",
          "shellyht",
          "f930e1",
          "sensors#humidity"
        ]
      },
      "configuration": {
        "properties": {
          "profile": "system:default"
        }
      },
      "itemName": "Shellyht_f930e1_102_H"
    }
  },
  "Shellyht_f930e1_102_Battery -\u003e shelly:shellyht:f930e1:battery#batteryLevel": {
    "class": "org.eclipse.smarthome.core.thing.link.ItemChannelLink",
    "value": {
      "channelUID": {
        "segments": [
          "shelly",
          "shellyht",
          "f930e1",
          "battery#batteryLevel"
        ]
      },
      "configuration": {
        "properties": {
          "profile": "system:default"
        }
      },
      "itemName": "Shellyht_f930e1_102_Battery"
    }
  },
  "Shellyht_f930e1_102_T -\u003e shelly:shellyht:f930e1:sensors#temperature": {
    "class": "org.eclipse.smarthome.core.thing.link.ItemChannelLink",
    "value": {
      "channelUID": {
        "segments": [
          "shelly",
          "shellyht",
          "f930e1",
          "sensors#temperature"
        ]
      },
      "configuration": {
        "properties": {
          "profile": "system:default"
        }
      },
      "itemName": "Shellyht_f930e1_102_T"
    }
  },
  "Shellyht_F93b61_100_T -\u003e shelly:shellyht:f93b61:sensors#temperature": {
    "class": "org.eclipse.smarthome.core.thing.link.ItemChannelLink",
    "value": {
      "channelUID": {
        "segments": [
          "shelly",
          "shellyht",
          "f93b61",
          "sensors#temperature"
        ]
      },
      "configuration": {
        "properties": {
          "profile": "system:default"
        }
      },
      "itemName": "Shellyht_F93b61_100_T"
    }
  },
  "Shellyht162H -\u003e shelly:shellyht:f2b3ce:sensors#humidity": {
    "class": "org.eclipse.smarthome.core.thing.link.ItemChannelLink",
    "value": {
      "channelUID": {
        "segments": [
          "shelly",
          "shellyht",
          "f2b3ce",
          "sensors#humidity"
        ]
      },
      "configuration": {
        "properties": {
          "profile": "system:default"
        }
      },
      "itemName": "Shellyht162H"
    }
  },
  "Shellyht_F93b61_100_Battery -\u003e shelly:shellyht:f93b61:battery#batteryLevel": {
    "class": "org.eclipse.smarthome.core.thing.link.ItemChannelLink",
    "value": {
      "channelUID": {
        "segments": [
          "shelly",
          "shellyht",
          "f93b61",
          "battery#batteryLevel"
        ]
      },
      "configuration": {
        "properties": {
          "profile": "system:default"
        }
      },
      "itemName": "Shellyht_F93b61_100_Battery"
    }
  },
  "Shellyrgbw2_F44323_123_White -\u003e shelly:shellyrgbw2-white:f44323:channel4#brightness": {
    "class": "org.eclipse.smarthome.core.thing.link.ItemChannelLink",
    "value": {
      "channelUID": {
        "segments": [
          "shelly",
          "shellyrgbw2-white",
          "f44323",
          "channel4#brightness"
        ]
      },
      "configuration": {
        "properties": {
          "profile": "system:default"
        }
      },
      "itemName": "Shellyrgbw2_F44323_123_White"
    }
  },
  "Shellyrgbw2_F44323_123_Meter -\u003e shelly:shellyrgbw2-white:f44323:meter#currentWatts": {
    "class": "org.eclipse.smarthome.core.thing.link.ItemChannelLink",
    "value": {
      "channelUID": {
        "segments": [
          "shelly",
          "shellyrgbw2-white",
          "f44323",
          "meter#currentWatts"
        ]
      },
      "configuration": {
        "properties": {
          "profile": "system:default"
        }
      },
      "itemName": "Shellyrgbw2_F44323_123_Meter"
    }
  }
}