{
  "Shellyht_f930e1_102_T": {
    "class": "org.eclipse.smarthome.core.items.ManagedItemProvider$PersistedItem",
    "value": {
      "groupNames": [],
      "itemType": "Number:Temperature",
      "tags": [],
      "label": "Temperature",
      "category": "Temperature"
    }
  },
  "Shellyht_F93c0b_101_Battery_": {
    "class": "org.eclipse.smarthome.core.items.ManagedItemProvider$PersistedItem",
    "value": {
      "groupNames": [],
      "itemType": "Number:Dimensionless",
      "tags": [],
      "label": "Battery",
      "category": "Battery"
    }
  },
  "Shellyht162_T": {
    "class": "org.eclipse.smarthome.core.items.ManagedItemProvider$PersistedItem",
    "value": {
      "groupNames": [],
      "itemType": "Number:Temperature",
      "tags": [],
      "category": "Temperature"
    }
  },
  "Shellyht_F93b61_100_H": {
    "class": "org.eclipse.smarthome.core.items.ManagedItemProvider$PersistedItem",
    "value": {
      "groupNames": [],
      "itemType": "Number:Dimensionless",
      "tags": [],
      "label": "Humidity",
      "category": "Humidity"
    }
  },
  "Shellyht_f930e1_102_H": {
    "class": "org.eclipse.smarthome.core.items.ManagedItemProvider$PersistedItem",
    "value": {
      "groupNames": [],
      "itemType": "Number:Dimensionless",
      "tags": [],
      "label": "Humidity",
      "category": "Humidity"
    }
  },
  "ModbusData_LastErroringRead": {
    "class": "org.eclipse.smarthome.core.items.ManagedItemProvider$PersistedItem",
    "value": {
      "groupNames": [],
      "itemType": "DateTime",
      "tags": [],
      "label": "Last Erroring Read"
    }
  },
  "Shellyht_F93b61_100_T": {
    "class": "org.eclipse.smarthome.core.items.ManagedItemProvider$PersistedItem",
    "value": {
      "groupNames": [],
      "itemType": "Number:Temperature",
      "tags": [],
      "label": "Temperature",
      "category": "Temperature"
    }
  },
  "Shellyrgbw2_F44323_123_Channel3_Color": {
    "class": "org.eclipse.smarthome.core.items.ManagedItemProvider$PersistedItem",
    "value": {
      "groupNames": [],
      "itemType": "Dimmer",
      "tags": [],
      "label": "Color",
      "category": "DimmableLight"
    }
  },
  "Shellyrgbw2_F44323_123_White": {
    "class": "org.eclipse.smarthome.core.items.ManagedItemProvider$PersistedItem",
    "value": {
      "groupNames": [],
      "itemType": "Dimmer",
      "tags": [],
      "label": "White",
      "category": "DimmableLight"
    }
  },
  "Shellyht_F93c0b_101_T": {
    "class": "org.eclipse.smarthome.core.items.ManagedItemProvider$PersistedItem",
    "value": {
      "groupNames": [],
      "itemType": "Number:Temperature",
      "tags": [],
      "label": "Temperature",
      "category": "Temperature"
    }
  },
  "ModbusData_ValueAsNumber": {
    "class": "org.eclipse.smarthome.core.items.ManagedItemProvider$PersistedItem",
    "value": {
      "groupNames": [],
      "itemType": "Number",
      "tags": [],
      "label": "Value as Number"
    }
  },
  "lotnr_room9": {
    "class": "org.eclipse.smarthome.core.items.ManagedItemProvider$PersistedItem",
    "value": {
      "groupNames": [],
      "itemType": "String",
      "tags": [],
      "label": "hiag"
    }
  },
  "ModbusData_ValueAsString": {
    "class": "org.eclipse.smarthome.core.items.ManagedItemProvider$PersistedItem",
    "value": {
      "groupNames": [],
      "itemType": "String",
      "tags": [],
      "label": "Value as String"
    }
  },
  "lotnr_room5": {
    "class": "org.eclipse.smarthome.core.items.ManagedItemProvider$PersistedItem",
    "value": {
      "groupNames": [],
      "itemType": "String",
      "tags": [],
      "label": "hiag"
    }
  },
  "ModbusData_ValueAsSwitch": {
    "class": "org.eclipse.smarthome.core.items.ManagedItemProvider$PersistedItem",
    "value": {
      "groupNames": [],
      "itemType": "Switch",
      "tags": [],
      "label": "Value as Switch"
    }
  },
  "lotnr_room6": {
    "class": "org.eclipse.smarthome.core.items.ManagedItemProvider$PersistedItem",
    "value": {
      "groupNames": [],
      "itemType": "String",
      "tags": [],
      "label": "hiag"
    }
  },
  "lotnr_room7": {
    "class": "org.eclipse.smarthome.core.items.ManagedItemProvider$PersistedItem",
    "value": {
      "groupNames": [],
      "itemType": "String",
      "tags": [],
      "label": "hiag"
    }
  },
  "Shellyrgbw2_F44323_123_Meter": {
    "class": "org.eclipse.smarthome.core.items.ManagedItemProvider$PersistedItem",
    "value": {
      "groupNames": [],
      "itemType": "Number:Power",
      "tags": []
    }
  },
  "lotnr_room8": {
    "class": "org.eclipse.smarthome.core.items.ManagedItemProvider$PersistedItem",
    "value": {
      "groupNames": [],
      "itemType": "String",
      "tags": [],
      "label": "hiag"
    }
  },
  "Shellyht_F93c0b_101_H": {
    "class": "org.eclipse.smarthome.core.items.ManagedItemProvider$PersistedItem",
    "value": {
      "groupNames": [],
      "itemType": "Number:Dimensionless",
      "tags": [],
      "label": "Humidity",
      "category": "Humidity"
    }
  },
  "Shellyht162H": {
    "class": "org.eclipse.smarthome.core.items.ManagedItemProvider$PersistedItem",
    "value": {
      "groupNames": [],
      "itemType": "Number:Dimensionless",
      "tags": [],
      "category": "Humidity"
    }
  },
  "lotnr_room14": {
    "class": "org.eclipse.smarthome.core.items.ManagedItemProvider$PersistedItem",
    "value": {
      "groupNames": [],
      "itemType": "String",
      "tags": [],
      "label": "hiag"
    }
  },
  "lotnr_room15": {
    "class": "org.eclipse.smarthome.core.items.ManagedItemProvider$PersistedItem",
    "value": {
      "groupNames": [],
      "itemType": "String",
      "tags": [],
      "label": "hiag"
    }
  },
  "Shellyht_F93b61_100_Battery": {
    "class": "org.eclipse.smarthome.core.items.ManagedItemProvider$PersistedItem",
    "value": {
      "groupNames": [],
      "itemType": "Number:Dimensionless",
      "tags": [],
      "label": "Battery",
      "category": "Battery"
    }
  },
  "ModbusData_LastErroringWrite": {
    "class": "org.eclipse.smarthome.core.items.ManagedItemProvider$PersistedItem",
    "value": {
      "groupNames": [],
      "itemType": "DateTime",
      "tags": [],
      "label": "Last Erroring Write"
    }
  },
  "lotnr_room1": {
    "class": "org.eclipse.smarthome.core.items.ManagedItemProvider$PersistedItem",
    "value": {
      "groupNames": [],
      "itemType": "String",
      "tags": [],
      "label": "hiag"
    }
  },
  "lotnr_room2": {
    "class": "org.eclipse.smarthome.core.items.ManagedItemProvider$PersistedItem",
    "value": {
      "groupNames": [],
      "itemType": "String",
      "tags": [],
      "label": "hiag"
    }
  },
  "lotnr_room3": {
    "class": "org.eclipse.smarthome.core.items.ManagedItemProvider$PersistedItem",
    "value": {
      "groupNames": [],
      "itemType": "String",
      "tags": [],
      "label": "hiag"
    }
  },
  "lotnr_room4": {
    "class": "org.eclipse.smarthome.core.items.ManagedItemProvider$PersistedItem",
    "value": {
      "groupNames": [],
      "itemType": "String",
      "tags": [],
      "label": "hiag"
    }
  },
  "lotnr_room10": {
    "class": "org.eclipse.smarthome.core.items.ManagedItemProvider$PersistedItem",
    "value": {
      "groupNames": [],
      "itemType": "String",
      "tags": [],
      "label": "hiag"
    }
  },
  "lotnr_room11": {
    "class": "org.eclipse.smarthome.core.items.ManagedItemProvider$PersistedItem",
    "value": {
      "groupNames": [],
      "itemType": "String",
      "tags": [],
      "label": "hiag"
    }
  },
  "lotnr_room12": {
    "class": "org.eclipse.smarthome.core.items.ManagedItemProvider$PersistedItem",
    "value": {
      "groupNames": [],
      "itemType": "String",
      "tags": [],
      "label": "hiag"
    }
  },
  "Shellyht_f930e1_102_Battery": {
    "class": "org.eclipse.smarthome.core.items.ManagedItemProvider$PersistedItem",
    "value": {
      "groupNames": [],
      "itemType": "Number:Dimensionless",
      "tags": [],
      "label": "Battery",
      "category": "Battery"
    }
  },
  "lotnr_room13": {
    "class": "org.eclipse.smarthome.core.items.ManagedItemProvider$PersistedItem",
    "value": {
      "groupNames": [],
      "itemType": "String",
      "tags": [],
      "label": "hiag"
    }
  }
}