{
  "autoupdate:lotnr_room2": {
    "class": "org.eclipse.smarthome.core.items.Metadata",
    "value": {
      "key": {
        "segments": [
          "autoupdate",
          "lotnr_room2"
        ]
      },
      "value": "true",
      "configuration": {}
    }
  },
  "autoupdate:lotnr_room1": {
    "class": "org.eclipse.smarthome.core.items.Metadata",
    "value": {
      "key": {
        "segments": [
          "autoupdate",
          "lotnr_room1"
        ]
      },
      "value": "true",
      "configuration": {}
    }
  },
  "autoupdate:lotnr_room12": {
    "class": "org.eclipse.smarthome.core.items.Metadata",
    "value": {
      "key": {
        "segments": [
          "autoupdate",
          "lotnr_room12"
        ]
      },
      "value": "true",
      "configuration": {}
    }
  },
  "autoupdate:lotnr_room4": {
    "class": "org.eclipse.smarthome.core.items.Metadata",
    "value": {
      "key": {
        "segments": [
          "autoupdate",
          "lotnr_room4"
        ]
      },
      "value": "true",
      "configuration": {}
    }
  },
  "autoupdate:lotnr_room3": {
    "class": "org.eclipse.smarthome.core.items.Metadata",
    "value": {
      "key": {
        "segments": [
          "autoupdate",
          "lotnr_room3"
        ]
      },
      "value": "true",
      "configuration": {}
    }
  },
  "autoupdate:lotnr_room6": {
    "class": "org.eclipse.smarthome.core.items.Metadata",
    "value": {
      "key": {
        "segments": [
          "autoupdate",
          "lotnr_room6"
        ]
      },
      "value": "true",
      "configuration": {}
    }
  },
  "autoupdate:Shellyht162_T": {
    "class": "org.eclipse.smarthome.core.items.Metadata",
    "value": {
      "key": {
        "segments": [
          "autoupdate",
          "Shellyht162_T"
        ]
      },
      "value": "true",
      "configuration": {}
    }
  },
  "autoupdate:Shellyht_F93c0b_101_Battery_": {
    "class": "org.eclipse.smarthome.core.items.Metadata",
    "value": {
      "key": {
        "segments": [
          "autoupdate",
          "Shellyht_F93c0b_101_Battery_"
        ]
      },
      "value": "true",
      "configuration": {}
    }
  },
  "autoupdate:ModbusData_ValueAsString": {
    "class": "org.eclipse.smarthome.core.items.Metadata",
    "value": {
      "key": {
        "segments": [
          "autoupdate",
          "ModbusData_ValueAsString"
        ]
      },
      "value": "true",
      "configuration": {}
    }
  },
  "autoupdate:lotnr_room11": {
    "class": "org.eclipse.smarthome.core.items.Metadata",
    "value": {
      "key": {
        "segments": [
          "autoupdate",
          "lotnr_room11"
        ]
      },
      "value": "true",
      "configuration": {}
    }
  },
  "autoupdate:lotnr_room10": {
    "class": "org.eclipse.smarthome.core.items.Metadata",
    "value": {
      "key": {
        "segments": [
          "autoupdate",
          "lotnr_room10"
        ]
      },
      "value": "true",
      "configuration": {}
    }
  },
  "autoupdate:Shellyht_F93b61_100_H": {
    "class": "org.eclipse.smarthome.core.items.Metadata",
    "value": {
      "key": {
        "segments": [
          "autoupdate",
          "Shellyht_F93b61_100_H"
        ]
      },
      "value": "true",
      "configuration": {}
    }
  },
  "autoupdate:Shellyht_F93c0b_101_H": {
    "class": "org.eclipse.smarthome.core.items.Metadata",
    "value": {
      "key": {
        "segments": [
          "autoupdate",
          "Shellyht_F93c0b_101_H"
        ]
      },
      "value": "true",
      "configuration": {}
    }
  },
  "autoupdate:lotnr_room8": {
    "class": "org.eclipse.smarthome.core.items.Metadata",
    "value": {
      "key": {
        "segments": [
          "autoupdate",
          "lotnr_room8"
        ]
      },
      "value": "true",
      "configuration": {}
    }
  },
  "autoupdate:lotnr_room7": {
    "class": "org.eclipse.smarthome.core.items.Metadata",
    "value": {
      "key": {
        "segments": [
          "autoupdate",
          "lotnr_room7"
        ]
      },
      "value": "true",
      "configuration": {}
    }
  },
  "autoupdate:lotnr_room9": {
    "class": "org.eclipse.smarthome.core.items.Metadata",
    "value": {
      "key": {
        "segments": [
          "autoupdate",
          "lotnr_room9"
        ]
      },
      "value": "true",
      "configuration": {}
    }
  },
  "autoupdate:Shellyht162H": {
    "class": "org.eclipse.smarthome.core.items.Metadata",
    "value": {
      "key": {
        "segments": [
          "autoupdate",
          "Shellyht162H"
        ]
      },
      "value": "true",
      "configuration": {}
    }
  },
  "autoupdate:Shellyht_F93b61_100_T": {
    "class": "org.eclipse.smarthome.core.items.Metadata",
    "value": {
      "key": {
        "segments": [
          "autoupdate",
          "Shellyht_F93b61_100_T"
        ]
      },
      "value": "true",
      "configuration": {}
    }
  },
  "autoupdate:Shellyht_f930e1_102_H": {
    "class": "org.eclipse.smarthome.core.items.Metadata",
    "value": {
      "key": {
        "segments": [
          "autoupdate",
          "Shellyht_f930e1_102_H"
        ]
      },
      "value": "true",
      "configuration": {}
    }
  },
  "autoupdate:Shellyht_F93c0b_101_T": {
    "class": "org.eclipse.smarthome.core.items.Metadata",
    "value": {
      "key": {
        "segments": [
          "autoupdate",
          "Shellyht_F93c0b_101_T"
        ]
      },
      "value": "true",
      "configuration": {}
    }
  },
  "autoupdate:Shellyht_f930e1_102_T": {
    "class": "org.eclipse.smarthome.core.items.Metadata",
    "value": {
      "key": {
        "segments": [
          "autoupdate",
          "Shellyht_f930e1_102_T"
        ]
      },
      "value": "true",
      "configuration": {}
    }
  },
  "autoupdate:ModbusData_ValueAsSwitch": {
    "class": "org.eclipse.smarthome.core.items.Metadata",
    "value": {
      "key": {
        "segments": [
          "autoupdate",
          "ModbusData_ValueAsSwitch"
        ]
      },
      "value": "true",
      "configuration": {}
    }
  }
}