{
  "shelly:shelly1pm:c4a420": {
    "class": "org.eclipse.smarthome.config.discovery.internal.DiscoveryResultImpl",
    "value": {
      "thingUID": {
        "segments": [
          "shelly",
          "shelly1pm",
          "c4a420"
        ]
      },
      "thingTypeUID": {
        "segments": [
          "shelly",
          "shelly1pm"
        ]
      },
      "properties": {
        "deviceType": "shelly1pm",
        "deviceIp": "192.168.254.117",
        "modelId": "SHSW-PM",
        "deviceHwBatch": "0",
        "numberMeters": "1",
        "serviceName": "shelly1pm-c4a420",
        "numberRollers": "0",
        "macAddress": "ECFABCC4A420",
        "deviceMode": "relay",
        "numberRelays": "1",
        "devUpdatePeriod": "130",
        "vendor": "Shelly",
        "deviceHwRev": "prod-2019-08",
        "firmwareVersion": "v1.5.10/20200206-083604(e6a4205e)"
      },
      "representationProperty": "shelly1pm-c4a420",
      "flag": "NEW",
      "label": "shelly1pm-c4a420 - 192.168.254.117",
      "timestamp": 1599901454126,
      "timeToLive": -1
    }
  }
}