{
  "modbus:poller:f3aaf105": {
    "class": "org.eclipse.smarthome.core.thing.internal.BridgeImpl",
    "value": {
      "label": "Regular Poll 3200",
      "bridgeUID": {
        "segments": [
          "modbus",
          "serial",
          "0b2ba13a"
        ]
      },
      "channels": [],
      "configuration": {
        "properties": {
          "start": 3200,
          "length": 1,
          "refresh": 500,
          "maxTries": 3,
          "cacheMillis": 50,
          "type": "holding"
        }
      },
      "properties": {},
      "uid": {
        "segments": [
          "modbus",
          "poller",
          "f3aaf105"
        ]
      },
      "thingTypeUID": {
        "segments": [
          "modbus",
          "poller"
        ]
      }
    }
  },
  "shelly:shellyrgbw2-white:f44323": {
    "class": "org.eclipse.smarthome.core.thing.internal.ThingImpl",
    "value": {
      "label": "shellyrgbw2-f44323 - 192.168.254.123",
      "channels": [
        {
          "acceptedItemType": "Number:Time",
          "kind": "STATE",
          "uid": {
            "segments": [
              "shelly",
              "shellyrgbw2-white",
              "f44323",
              "channel1#autoOn"
            ]
          },
          "channelTypeUID": {
            "segments": [
              "shelly",
              "timerAutoOn"
            ]
          },
          "label": "Auto-ON Timer",
          "description": "ON: After the output was turned off it turns on automatically after xx seconds; 0 disables the timer",
          "configuration": {
            "properties": {}
          },
          "properties": {},
          "defaultTags": []
        },
        {
          "acceptedItemType": "Number:Time",
          "kind": "STATE",
          "uid": {
            "segments": [
              "shelly",
              "shellyrgbw2-white",
              "f44323",
              "channel1#autoOff"
            ]
          },
          "channelTypeUID": {
            "segments": [
              "shelly",
              "timerAutoOff"
            ]
          },
          "label": "Auto-OFF Timer",
          "description": "ON: After the output was turned on it turns off automatically after xx seconds; 0 disables the timer",
          "configuration": {
            "properties": {}
          },
          "properties": {},
          "defaultTags": []
        },
        {
          "acceptedItemType": "Switch",
          "kind": "STATE",
          "uid": {
            "segments": [
              "shelly",
              "shellyrgbw2-white",
              "f44323",
              "channel1#timerActive"
            ]
          },
          "channelTypeUID": {
            "segments": [
              "shelly",
              "timerActive"
            ]
          },
          "label": "Auto ON/OFF timer active",
          "description": "ON: A timer is active, OFF: no timer active",
          "configuration": {
            "properties": {}
          },
          "properties": {},
          "defaultTags": []
        },
        {
          "acceptedItemType": "Dimmer",
          "kind": "STATE",
          "uid": {
            "segments": [
              "shelly",
              "shellyrgbw2-white",
              "f44323",
              "channel1#brightness"
            ]
          },
          "channelTypeUID": {
            "segments": [
              "shelly",
              "whiteBrightness"
            ]
          },
          "label": "Brightness",
          "description": "Brightness: 0..100%",
          "configuration": {
            "properties": {}
          },
          "properties": {},
          "defaultTags": []
        },
        {
          "acceptedItemType": "Number:Time",
          "kind": "STATE",
          "uid": {
            "segments": [
              "shelly",
              "shellyrgbw2-white",
              "f44323",
              "channel2#autoOn"
            ]
          },
          "channelTypeUID": {
            "segments": [
              "shelly",
              "timerAutoOn"
            ]
          },
          "label": "Auto-ON Timer",
          "description": "ON: After the output was turned off it turns on automatically after xx seconds; 0 disables the timer",
          "configuration": {
            "properties": {}
          },
          "properties": {},
          "defaultTags": []
        },
        {
          "acceptedItemType": "Number:Time",
          "kind": "STATE",
          "uid": {
            "segments": [
              "shelly",
              "shellyrgbw2-white",
              "f44323",
              "channel2#autoOff"
            ]
          },
          "channelTypeUID": {
            "segments": [
              "shelly",
              "timerAutoOff"
            ]
          },
          "label": "Auto-OFF Timer",
          "description": "ON: After the output was turned on it turns off automatically after xx seconds; 0 disables the timer",
          "configuration": {
            "properties": {}
          },
          "properties": {},
          "defaultTags": []
        },
        {
          "acceptedItemType": "Switch",
          "kind": "STATE",
          "uid": {
            "segments": [
              "shelly",
              "shellyrgbw2-white",
              "f44323",
              "channel2#timerActive"
            ]
          },
          "channelTypeUID": {
            "segments": [
              "shelly",
              "timerActive"
            ]
          },
          "label": "Auto ON/OFF timer active",
          "description": "ON: A timer is active, OFF: no timer active",
          "configuration": {
            "properties": {}
          },
          "properties": {},
          "defaultTags": []
        },
        {
          "acceptedItemType": "Dimmer",
          "kind": "STATE",
          "uid": {
            "segments": [
              "shelly",
              "shellyrgbw2-white",
              "f44323",
              "channel2#brightness"
            ]
          },
          "channelTypeUID": {
            "segments": [
              "shelly",
              "whiteBrightness"
            ]
          },
          "label": "Brightness",
          "description": "Brightness: 0..100%",
          "configuration": {
            "properties": {}
          },
          "properties": {},
          "defaultTags": []
        },
        {
          "acceptedItemType": "Number:Time",
          "kind": "STATE",
          "uid": {
            "segments": [
              "shelly",
              "shellyrgbw2-white",
              "f44323",
              "channel3#autoOn"
            ]
          },
          "channelTypeUID": {
            "segments": [
              "shelly",
              "timerAutoOn"
            ]
          },
          "label": "Auto-ON Timer",
          "description": "ON: After the output was turned off it turns on automatically after xx seconds; 0 disables the timer",
          "configuration": {
            "properties": {}
          },
          "properties": {},
          "defaultTags": []
        },
        {
          "acceptedItemType": "Number:Time",
          "kind": "STATE",
          "uid": {
            "segments": [
              "shelly",
              "shellyrgbw2-white",
              "f44323",
              "channel3#autoOff"
            ]
          },
          "channelTypeUID": {
            "segments": [
              "shelly",
              "timerAutoOff"
            ]
          },
          "label": "Auto-OFF Timer",
          "description": "ON: After the output was turned on it turns off automatically after xx seconds; 0 disables the timer",
          "configuration": {
            "properties": {}
          },
          "properties": {},
          "defaultTags": []
        },
        {
          "acceptedItemType": "Switch",
          "kind": "STATE",
          "uid": {
            "segments": [
              "shelly",
              "shellyrgbw2-white",
              "f44323",
              "channel3#timerActive"
            ]
          },
          "channelTypeUID": {
            "segments": [
              "shelly",
              "timerActive"
            ]
          },
          "label": "Auto ON/OFF timer active",
          "description": "ON: A timer is active, OFF: no timer active",
          "configuration": {
            "properties": {}
          },
          "properties": {},
          "defaultTags": []
        },
        {
          "acceptedItemType": "Dimmer",
          "kind": "STATE",
          "uid": {
            "segments": [
              "shelly",
              "shellyrgbw2-white",
              "f44323",
              "channel3#brightness"
            ]
          },
          "channelTypeUID": {
            "segments": [
              "shelly",
              "whiteBrightness"
            ]
          },
          "label": "Brightness",
          "description": "Brightness: 0..100%",
          "configuration": {
            "properties": {}
          },
          "properties": {},
          "defaultTags": []
        },
        {
          "acceptedItemType": "Number:Time",
          "kind": "STATE",
          "uid": {
            "segments": [
              "shelly",
              "shellyrgbw2-white",
              "f44323",
              "channel4#autoOn"
            ]
          },
          "channelTypeUID": {
            "segments": [
              "shelly",
              "timerAutoOn"
            ]
          },
          "label": "Auto-ON Timer",
          "description": "ON: After the output was turned off it turns on automatically after xx seconds; 0 disables the timer",
          "configuration": {
            "properties": {}
          },
          "properties": {},
          "defaultTags": []
        },
        {
          "acceptedItemType": "Number:Time",
          "kind": "STATE",
          "uid": {
            "segments": [
              "shelly",
              "shellyrgbw2-white",
              "f44323",
              "channel4#autoOff"
            ]
          },
          "channelTypeUID": {
            "segments": [
              "shelly",
              "timerAutoOff"
            ]
          },
          "label": "Auto-OFF Timer",
          "description": "ON: After the output was turned on it turns off automatically after xx seconds; 0 disables the timer",
          "configuration": {
            "properties": {}
          },
          "properties": {},
          "defaultTags": []
        },
        {
          "acceptedItemType": "Switch",
          "kind": "STATE",
          "uid": {
            "segments": [
              "shelly",
              "shellyrgbw2-white",
              "f44323",
              "channel4#timerActive"
            ]
          },
          "channelTypeUID": {
            "segments": [
              "shelly",
              "timerActive"
            ]
          },
          "label": "Auto ON/OFF timer active",
          "description": "ON: A timer is active, OFF: no timer active",
          "configuration": {
            "properties": {}
          },
          "properties": {},
          "defaultTags": []
        },
        {
          "acceptedItemType": "Dimmer",
          "kind": "STATE",
          "uid": {
            "segments": [
              "shelly",
              "shellyrgbw2-white",
              "f44323",
              "channel4#brightness"
            ]
          },
          "channelTypeUID": {
            "segments": [
              "shelly",
              "whiteBrightness"
            ]
          },
          "label": "Brightness",
          "description": "Brightness: 0..100%",
          "configuration": {
            "properties": {}
          },
          "properties": {},
          "defaultTags": []
        },
        {
          "kind": "TRIGGER",
          "uid": {
            "segments": [
              "shelly",
              "shellyrgbw2-white",
              "f44323",
              "device#alarm"
            ]
          },
          "channelTypeUID": {
            "segments": [
              "shelly",
              "alarmTrigger"
            ]
          },
          "label": "Alarm",
          "description": "Alarm Trigger, e.g. weak WiFi Signal detected or over heating.",
          "configuration": {
            "properties": {}
          },
          "properties": {},
          "defaultTags": []
        },
        {
          "acceptedItemType": "Number",
          "kind": "STATE",
          "uid": {
            "segments": [
              "shelly",
              "shellyrgbw2-white",
              "f44323",
              "device#wifiSignal"
            ]
          },
          "channelTypeUID": {
            "segments": [
              "system",
              "signal-strength"
            ]
          },
          "label": "Signal Strength",
          "configuration": {
            "properties": {}
          },
          "properties": {},
          "defaultTags": []
        },
        {
          "acceptedItemType": "Number:Time",
          "kind": "STATE",
          "uid": {
            "segments": [
              "shelly",
              "shellyrgbw2-white",
              "f44323",
              "device#uptime"
            ]
          },
          "channelTypeUID": {
            "segments": [
              "shelly",
              "uptime"
            ]
          },
          "label": "Uptime",
          "description": "Number of seconds since the device was powered up",
          "configuration": {
            "properties": {}
          },
          "properties": {},
          "defaultTags": []
        },
        {
          "acceptedItemType": "Switch",
          "kind": "STATE",
          "uid": {
            "segments": [
              "shelly",
              "shellyrgbw2-white",
              "f44323",
              "device#updateAvailable"
            ]
          },
          "channelTypeUID": {
            "segments": [
              "shelly",
              "updateAvailable"
            ]
          },
          "label": "Update available",
          "description": "ON: A firmware update is available (use Shelly App to perform update)",
          "configuration": {
            "properties": {}
          },
          "properties": {},
          "defaultTags": []
        },
        {
          "acceptedItemType": "Switch",
          "kind": "STATE",
          "uid": {
            "segments": [
              "shelly",
              "shellyrgbw2-white",
              "f44323",
              "control#input"
            ]
          },
          "channelTypeUID": {
            "segments": [
              "shelly",
              "inputState"
            ]
          },
          "configuration": {
            "properties": {}
          },
          "properties": {},
          "defaultTags": []
        },
        {
          "acceptedItemType": "Number:Power",
          "kind": "STATE",
          "uid": {
            "segments": [
              "shelly",
              "shellyrgbw2-white",
              "f44323",
              "meter#currentWatts"
            ]
          },
          "channelTypeUID": {
            "segments": [
              "shelly",
              "meterWatts"
            ]
          },
          "configuration": {
            "properties": {}
          },
          "properties": {},
          "defaultTags": []
        },
        {
          "acceptedItemType": "Number:Energy",
          "kind": "STATE",
          "uid": {
            "segments": [
              "shelly",
              "shellyrgbw2-white",
              "f44323",
              "meter#lastPower1"
            ]
          },
          "channelTypeUID": {
            "segments": [
              "shelly",
              "lastPower1"
            ]
          },
          "configuration": {
            "properties": {}
          },
          "properties": {},
          "defaultTags": []
        },
        {
          "acceptedItemType": "Number:Energy",
          "kind": "STATE",
          "uid": {
            "segments": [
              "shelly",
              "shellyrgbw2-white",
              "f44323",
              "meter#lastPower2"
            ]
          },
          "channelTypeUID": {
            "segments": [
              "shelly",
              "lastPower2"
            ]
          },
          "configuration": {
            "properties": {}
          },
          "properties": {},
          "defaultTags": []
        },
        {
          "acceptedItemType": "Number:Energy",
          "kind": "STATE",
          "uid": {
            "segments": [
              "shelly",
              "shellyrgbw2-white",
              "f44323",
              "meter#lastPower3"
            ]
          },
          "channelTypeUID": {
            "segments": [
              "shelly",
              "lastPower3"
            ]
          },
          "configuration": {
            "properties": {}
          },
          "properties": {},
          "defaultTags": []
        },
        {
          "acceptedItemType": "Number:Energy",
          "kind": "STATE",
          "uid": {
            "segments": [
              "shelly",
              "shellyrgbw2-white",
              "f44323",
              "meter#totalKWH"
            ]
          },
          "channelTypeUID": {
            "segments": [
              "shelly",
              "meterTotal"
            ]
          },
          "configuration": {
            "properties": {}
          },
          "properties": {},
          "defaultTags": []
        },
        {
          "acceptedItemType": "DateTime",
          "kind": "STATE",
          "uid": {
            "segments": [
              "shelly",
              "shellyrgbw2-white",
              "f44323",
              "meter#lastUpdate"
            ]
          },
          "channelTypeUID": {
            "segments": [
              "shelly",
              "lastUpdate"
            ]
          },
          "configuration": {
            "properties": {}
          },
          "properties": {},
          "defaultTags": []
        }
      ],
      "configuration": {
        "properties": {
          "eventsCoIoT": true,
          "deviceIp": "192.168.254.123",
          "brightnessAutoOn": true,
          "updateInterval": 60
        }
      },
      "properties": {
        "deviceType": "shellyrgbw2",
        "coapDeviceDescr": "{\"blk\":[{\"I\":0,\"D\":\"RGBW2\"}],\"sen\":[{\"I\":118,\"T\":\"S\",\"D\":\"Input\",\"R\":\"0/1\",\"L\":0},{\"I\":111,\"T\":\"S\",\"D\":\"Brightness_0\",\"R\":\"0/100\",\"L\":0},{\"I\":121,\"T\":\"S\",\"D\":\"Brightness_1\",\"R\":\"0/100\",\"L\":0},{\"I\":131,\"T\":\"S\",\"D\":\"Brightness_2\",\"R\":\"0/100\",\"L\":0},{\"I\":141,\"T\":\"S\",\"D\":\"Brightness_3\",\"R\":\"0/100\",\"L\":0},{\"I\":151,\"T\":\"S\",\"D\":\"VSwitch_0\",\"R\":\"0/1\",\"L\":0},{\"I\":161,\"T\":\"S\",\"D\":\"VSwitch_1\",\"R\":\"0/1\",\"L\":0},{\"I\":171,\"T\":\"S\",\"D\":\"VSwitch_2\",\"R\":\"0/1\",\"L\":0},{\"I\":181,\"T\":\"S\",\"D\":\"VSwitch_3\",\"R\":\"0/1\",\"L\":0},{\"I\":211,\"T\":\"P\",\"D\":\"Power_0\",\"R\":\"0/288\",\"L\":0},{\"I\":221,\"T\":\"P\",\"D\":\"Power_1\",\"R\":\"0/288\",\"L\":0},{\"I\":231,\"T\":\"P\",\"D\":\"Power_2\",\"R\":\"0/288\",\"L\":0},{\"I\":241,\"T\":\"P\",\"D\":\"Power_3\",\"R\":\"0/288\",\"L\":0}]}",
        "statsTimeoutsRecovered": "0",
        "modelId": "SHRGBW2",
        "updateNewVersion": "20200812-091749/v1.8.0@8acf41b0",
        "networkIP": "192.168.254.123",
        "statsTimeoutErrors": "0",
        "deviceHwBatch": "1",
        "numberMeters": "4",
        "serviceName": "shellyrgbw2-f44323",
        "numberRollers": "0",
        "coiotAutoRefresh": "false",
        "wifiNetwork": "HARVEGNET_2.4",
        "macAddress": "68C63AF44323",
        "updateCurrentVersion": "20200625-102525/v1.7.3@2aa0993a",
        "deviceMode": "white",
        "numberRelays": "0",
        "vendor": "Shelly",
        "devUpdatePeriod": "70",
        "updateStatus": "pending",
        "deviceHwRev": "prod-190822",
        "coiotAutoEnable": "false",
        "firmwareVersion": "v1.7.3/20200625-102525(2aa0993a)",
        "updateAvailable": "yes"
      },
      "uid": {
        "segments": [
          "shelly",
          "shellyrgbw2-white",
          "f44323"
        ]
      },
      "thingTypeUID": {
        "segments": [
          "shelly",
          "shellyrgbw2-white"
        ]
      }
    }
  },
  "shelly:shellyht:f93b61": {
    "class": "org.eclipse.smarthome.core.thing.internal.ThingImpl",
    "value": {
      "label": "shellyht-f93b61 - 192.168.254.100",
      "channels": [
        {
          "kind": "TRIGGER",
          "uid": {
            "segments": [
              "shelly",
              "shellyht",
              "f93b61",
              "device#alarm"
            ]
          },
          "channelTypeUID": {
            "segments": [
              "shelly",
              "alarmTrigger"
            ]
          },
          "label": "Alarm",
          "description": "Alarm Trigger, e.g. weak WiFi Signal detected or over heating.",
          "configuration": {
            "properties": {}
          },
          "properties": {},
          "defaultTags": []
        },
        {
          "acceptedItemType": "Number",
          "kind": "STATE",
          "uid": {
            "segments": [
              "shelly",
              "shellyht",
              "f93b61",
              "device#wifiSignal"
            ]
          },
          "channelTypeUID": {
            "segments": [
              "system",
              "signal-strength"
            ]
          },
          "label": "Signal Strength",
          "configuration": {
            "properties": {}
          },
          "properties": {},
          "defaultTags": []
        },
        {
          "acceptedItemType": "Number:Time",
          "kind": "STATE",
          "uid": {
            "segments": [
              "shelly",
              "shellyht",
              "f93b61",
              "device#uptime"
            ]
          },
          "channelTypeUID": {
            "segments": [
              "shelly",
              "uptime"
            ]
          },
          "label": "Uptime",
          "description": "Number of seconds since the device was powered up",
          "configuration": {
            "properties": {}
          },
          "properties": {},
          "defaultTags": []
        },
        {
          "acceptedItemType": "Switch",
          "kind": "STATE",
          "uid": {
            "segments": [
              "shelly",
              "shellyht",
              "f93b61",
              "device#updateAvailable"
            ]
          },
          "channelTypeUID": {
            "segments": [
              "shelly",
              "updateAvailable"
            ]
          },
          "label": "Update available",
          "description": "ON: A firmware update is available (use Shelly App to perform update)",
          "configuration": {
            "properties": {}
          },
          "properties": {},
          "defaultTags": []
        },
        {
          "acceptedItemType": "Number:Temperature",
          "kind": "STATE",
          "uid": {
            "segments": [
              "shelly",
              "shellyht",
              "f93b61",
              "sensors#temperature"
            ]
          },
          "channelTypeUID": {
            "segments": [
              "shelly",
              "sensorTemp"
            ]
          },
          "configuration": {
            "properties": {}
          },
          "properties": {},
          "defaultTags": []
        },
        {
          "acceptedItemType": "Number:Dimensionless",
          "kind": "STATE",
          "uid": {
            "segments": [
              "shelly",
              "shellyht",
              "f93b61",
              "sensors#humidity"
            ]
          },
          "channelTypeUID": {
            "segments": [
              "shelly",
              "sensorExtHum"
            ]
          },
          "configuration": {
            "properties": {}
          },
          "properties": {},
          "defaultTags": []
        },
        {
          "acceptedItemType": "String",
          "kind": "STATE",
          "uid": {
            "segments": [
              "shelly",
              "shellyht",
              "f93b61",
              "device#wakeupReason"
            ]
          },
          "channelTypeUID": {
            "segments": [
              "shelly",
              "sensorWakeup"
            ]
          },
          "configuration": {
            "properties": {}
          },
          "properties": {},
          "defaultTags": []
        },
        {
          "acceptedItemType": "Number:Dimensionless",
          "kind": "STATE",
          "uid": {
            "segments": [
              "shelly",
              "shellyht",
              "f93b61",
              "battery#batteryLevel"
            ]
          },
          "channelTypeUID": {
            "segments": [
              "system",
              "battery-level"
            ]
          },
          "configuration": {
            "properties": {}
          },
          "properties": {},
          "defaultTags": []
        },
        {
          "acceptedItemType": "Switch",
          "kind": "STATE",
          "uid": {
            "segments": [
              "shelly",
              "shellyht",
              "f93b61",
              "battery#lowBattery"
            ]
          },
          "channelTypeUID": {
            "segments": [
              "system",
              "low-battery"
            ]
          },
          "configuration": {
            "properties": {}
          },
          "properties": {},
          "defaultTags": []
        },
        {
          "acceptedItemType": "Number:ElectricPotential",
          "kind": "STATE",
          "uid": {
            "segments": [
              "shelly",
              "shellyht",
              "f93b61",
              "battery#voltage"
            ]
          },
          "channelTypeUID": {
            "segments": [
              "shelly",
              "batVoltage"
            ]
          },
          "configuration": {
            "properties": {}
          },
          "properties": {},
          "defaultTags": []
        },
        {
          "acceptedItemType": "DateTime",
          "kind": "STATE",
          "uid": {
            "segments": [
              "shelly",
              "shellyht",
              "f93b61",
              "sensors#lastUpdate"
            ]
          },
          "channelTypeUID": {
            "segments": [
              "shelly",
              "lastUpdate"
            ]
          },
          "configuration": {
            "properties": {}
          },
          "properties": {},
          "defaultTags": []
        }
      ],
      "configuration": {
        "properties": {
          "eventsCoIoT": true,
          "deviceIp": "192.168.254.100",
          "updateInterval": 1800,
          "lowBattery": 20,
          "eventsSensorReport": false
        }
      },
      "properties": {
        "deviceType": "shellyht",
        "coapDeviceDescr": "{\"blk\":[{\"I\":1, \"D\":\"sensors\"}],\"sen\":[{\"I\":33, \"D\":\"temperature\", \"T\":\"T\", \"R\":\"-40/125\", \"L\":1},{\"I\":44, \"D\":\"humidity\", \"T\":\"H\", \"R\":\"0/100\", \"L\":1},{\"I\":77, \"D\":\"battery\", \"T\":\"B\", \"R\":\"0/100\", \"L\":1}]}",
        "statsTimeoutsRecovered": "0",
        "modelId": "SHHT-1",
        "updateNewVersion": "",
        "networkIP": "192.168.254.100",
        "statsTimeoutErrors": "12",
        "numberMeters": "0",
        "serviceName": "shellyht-f93b61",
        "numberRollers": "0",
        "coiotAutoRefresh": "true",
        "wifiNetwork": "HARVEGNET_2.4",
        "macAddress": "68C63AF93B61",
        "updateCurrentVersion": "20200309-104344/v1.6.0@43056d58",
        "deviceMode": "",
        "numberRelays": "0",
        "devUpdatePeriod": "43800",
        "vendor": "Shelly",
        "updateStatus": "unknown",
        "coiotAutoEnable": "true",
        "firmwareVersion": "v1.6.0/20200309-104344(43056d58)",
        "updateAvailable": "no"
      },
      "uid": {
        "segments": [
          "shelly",
          "shellyht",
          "f93b61"
        ]
      },
      "thingTypeUID": {
        "segments": [
          "shelly",
          "shellyht"
        ]
      }
    }
  },
  "shelly:shellyht:f930e1": {
    "class": "org.eclipse.smarthome.core.thing.internal.ThingImpl",
    "value": {
      "label": "shellyht_f930e1_192.168.254.102",
      "channels": [
        {
          "kind": "TRIGGER",
          "uid": {
            "segments": [
              "shelly",
              "shellyht",
              "f930e1",
              "device#alarm"
            ]
          },
          "channelTypeUID": {
            "segments": [
              "shelly",
              "alarmTrigger"
            ]
          },
          "label": "Alarm",
          "description": "Alarm Trigger, e.g. weak WiFi Signal detected or over heating.",
          "configuration": {
            "properties": {}
          },
          "properties": {},
          "defaultTags": []
        },
        {
          "acceptedItemType": "Number",
          "kind": "STATE",
          "uid": {
            "segments": [
              "shelly",
              "shellyht",
              "f930e1",
              "device#wifiSignal"
            ]
          },
          "channelTypeUID": {
            "segments": [
              "system",
              "signal-strength"
            ]
          },
          "label": "Signal Strength",
          "configuration": {
            "properties": {}
          },
          "properties": {},
          "defaultTags": []
        },
        {
          "acceptedItemType": "Number:Time",
          "kind": "STATE",
          "uid": {
            "segments": [
              "shelly",
              "shellyht",
              "f930e1",
              "device#uptime"
            ]
          },
          "channelTypeUID": {
            "segments": [
              "shelly",
              "uptime"
            ]
          },
          "label": "Uptime",
          "description": "Number of seconds since the device was powered up",
          "configuration": {
            "properties": {}
          },
          "properties": {},
          "defaultTags": []
        },
        {
          "acceptedItemType": "Switch",
          "kind": "STATE",
          "uid": {
            "segments": [
              "shelly",
              "shellyht",
              "f930e1",
              "device#updateAvailable"
            ]
          },
          "channelTypeUID": {
            "segments": [
              "shelly",
              "updateAvailable"
            ]
          },
          "label": "Update available",
          "description": "ON: A firmware update is available (use Shelly App to perform update)",
          "configuration": {
            "properties": {}
          },
          "properties": {},
          "defaultTags": []
        },
        {
          "acceptedItemType": "Number:Temperature",
          "kind": "STATE",
          "uid": {
            "segments": [
              "shelly",
              "shellyht",
              "f930e1",
              "sensors#temperature"
            ]
          },
          "channelTypeUID": {
            "segments": [
              "shelly",
              "sensorTemp"
            ]
          },
          "configuration": {
            "properties": {}
          },
          "properties": {},
          "defaultTags": []
        },
        {
          "acceptedItemType": "Number:Dimensionless",
          "kind": "STATE",
          "uid": {
            "segments": [
              "shelly",
              "shellyht",
              "f930e1",
              "sensors#humidity"
            ]
          },
          "channelTypeUID": {
            "segments": [
              "shelly",
              "sensorExtHum"
            ]
          },
          "configuration": {
            "properties": {}
          },
          "properties": {},
          "defaultTags": []
        },
        {
          "acceptedItemType": "String",
          "kind": "STATE",
          "uid": {
            "segments": [
              "shelly",
              "shellyht",
              "f930e1",
              "device#wakeupReason"
            ]
          },
          "channelTypeUID": {
            "segments": [
              "shelly",
              "sensorWakeup"
            ]
          },
          "configuration": {
            "properties": {}
          },
          "properties": {},
          "defaultTags": []
        },
        {
          "acceptedItemType": "Number:Dimensionless",
          "kind": "STATE",
          "uid": {
            "segments": [
              "shelly",
              "shellyht",
              "f930e1",
              "battery#batteryLevel"
            ]
          },
          "channelTypeUID": {
            "segments": [
              "system",
              "battery-level"
            ]
          },
          "configuration": {
            "properties": {}
          },
          "properties": {},
          "defaultTags": []
        },
        {
          "acceptedItemType": "Switch",
          "kind": "STATE",
          "uid": {
            "segments": [
              "shelly",
              "shellyht",
              "f930e1",
              "battery#lowBattery"
            ]
          },
          "channelTypeUID": {
            "segments": [
              "system",
              "low-battery"
            ]
          },
          "configuration": {
            "properties": {}
          },
          "properties": {},
          "defaultTags": []
        },
        {
          "acceptedItemType": "Number:ElectricPotential",
          "kind": "STATE",
          "uid": {
            "segments": [
              "shelly",
              "shellyht",
              "f930e1",
              "battery#voltage"
            ]
          },
          "channelTypeUID": {
            "segments": [
              "shelly",
              "batVoltage"
            ]
          },
          "configuration": {
            "properties": {}
          },
          "properties": {},
          "defaultTags": []
        },
        {
          "acceptedItemType": "DateTime",
          "kind": "STATE",
          "uid": {
            "segments": [
              "shelly",
              "shellyht",
              "f930e1",
              "sensors#lastUpdate"
            ]
          },
          "channelTypeUID": {
            "segments": [
              "shelly",
              "lastUpdate"
            ]
          },
          "configuration": {
            "properties": {}
          },
          "properties": {},
          "defaultTags": []
        }
      ],
      "configuration": {
        "properties": {
          "eventsCoIoT": true,
          "deviceIp": "192.168.254.102",
          "updateInterval": 1800,
          "lowBattery": 20,
          "eventsSensorReport": false
        }
      },
      "properties": {
        "deviceType": "shellyht",
        "coapDeviceDescr": "{\"blk\":[{\"I\":1, \"D\":\"sensors\"}],\"sen\":[{\"I\":33, \"D\":\"temperature\", \"T\":\"T\", \"R\":\"-40/125\", \"L\":1},{\"I\":44, \"D\":\"humidity\", \"T\":\"H\", \"R\":\"0/100\", \"L\":1},{\"I\":77, \"D\":\"battery\", \"T\":\"B\", \"R\":\"0/100\", \"L\":1}]}",
        "statsTimeoutsRecovered": "0",
        "modelId": "SHHT-1",
        "updateNewVersion": "",
        "networkIP": "192.168.254.102",
        "statsTimeoutErrors": "9",
        "numberMeters": "0",
        "serviceName": "shellyht-f930e1",
        "numberRollers": "0",
        "coiotAutoRefresh": "false",
        "wifiNetwork": "HARVEGNET_2.4",
        "macAddress": "6AC63AF930E1",
        "updateCurrentVersion": "20181128-144724/???",
        "deviceMode": "",
        "numberRelays": "0",
        "devUpdatePeriod": "11400",
        "vendor": "Shelly",
        "updateStatus": "unknown",
        "coiotAutoEnable": "false",
        "firmwareVersion": "/20181128-144724()",
        "updateAvailable": "no"
      },
      "uid": {
        "segments": [
          "shelly",
          "shellyht",
          "f930e1"
        ]
      },
      "thingTypeUID": {
        "segments": [
          "shelly",
          "shellyht"
        ]
      }
    }
  },
  "modbus:serial:0b2ba13a": {
    "class": "org.eclipse.smarthome.core.thing.internal.BridgeImpl",
    "value": {
      "label": "Modbus Serial Slave",
      "channels": [],
      "configuration": {
        "properties": {
          "baud": 38400,
          "timeBetweenTransactionsMillis": 4,
          "connectMaxTries": 3,
          "stopBits": "1.0",
          "parity": "even",
          "receiveTimeoutMillis": 1500,
          "dataBits": 8,
          "echo": false,
          "encoding": "rtu",
          "flowControlIn": "none",
          "port": "/dev/ttyUSB0",
          "flowControlOut": "none",
          "connectTimeoutMillis": 600000,
          "id": 1,
          "enableDiscovery": true
        }
      },
      "properties": {},
      "uid": {
        "segments": [
          "modbus",
          "serial",
          "0b2ba13a"
        ]
      },
      "thingTypeUID": {
        "segments": [
          "modbus",
          "serial"
        ]
      }
    }
  },
  "shelly:shellyht:f93c0b": {
    "class": "org.eclipse.smarthome.core.thing.internal.ThingImpl",
    "value": {
      "label": "shellyht-f93c0b - 192.168.254.101",
      "channels": [
        {
          "kind": "TRIGGER",
          "uid": {
            "segments": [
              "shelly",
              "shellyht",
              "f93c0b",
              "device#alarm"
            ]
          },
          "channelTypeUID": {
            "segments": [
              "shelly",
              "alarmTrigger"
            ]
          },
          "label": "Alarm",
          "description": "Alarm Trigger, e.g. weak WiFi Signal detected or over heating.",
          "configuration": {
            "properties": {}
          },
          "properties": {},
          "defaultTags": []
        },
        {
          "acceptedItemType": "Number",
          "kind": "STATE",
          "uid": {
            "segments": [
              "shelly",
              "shellyht",
              "f93c0b",
              "device#wifiSignal"
            ]
          },
          "channelTypeUID": {
            "segments": [
              "system",
              "signal-strength"
            ]
          },
          "label": "Signal Strength",
          "configuration": {
            "properties": {}
          },
          "properties": {},
          "defaultTags": []
        },
        {
          "acceptedItemType": "Number:Time",
          "kind": "STATE",
          "uid": {
            "segments": [
              "shelly",
              "shellyht",
              "f93c0b",
              "device#uptime"
            ]
          },
          "channelTypeUID": {
            "segments": [
              "shelly",
              "uptime"
            ]
          },
          "label": "Uptime",
          "description": "Number of seconds since the device was powered up",
          "configuration": {
            "properties": {}
          },
          "properties": {},
          "defaultTags": []
        },
        {
          "acceptedItemType": "Switch",
          "kind": "STATE",
          "uid": {
            "segments": [
              "shelly",
              "shellyht",
              "f93c0b",
              "device#updateAvailable"
            ]
          },
          "channelTypeUID": {
            "segments": [
              "shelly",
              "updateAvailable"
            ]
          },
          "label": "Update available",
          "description": "ON: A firmware update is available (use Shelly App to perform update)",
          "configuration": {
            "properties": {}
          },
          "properties": {},
          "defaultTags": []
        },
        {
          "acceptedItemType": "Number:Temperature",
          "kind": "STATE",
          "uid": {
            "segments": [
              "shelly",
              "shellyht",
              "f93c0b",
              "sensors#temperature"
            ]
          },
          "channelTypeUID": {
            "segments": [
              "shelly",
              "sensorTemp"
            ]
          },
          "configuration": {
            "properties": {}
          },
          "properties": {},
          "defaultTags": []
        },
        {
          "acceptedItemType": "Number:Dimensionless",
          "kind": "STATE",
          "uid": {
            "segments": [
              "shelly",
              "shellyht",
              "f93c0b",
              "sensors#humidity"
            ]
          },
          "channelTypeUID": {
            "segments": [
              "shelly",
              "sensorExtHum"
            ]
          },
          "configuration": {
            "properties": {}
          },
          "properties": {},
          "defaultTags": []
        },
        {
          "acceptedItemType": "String",
          "kind": "STATE",
          "uid": {
            "segments": [
              "shelly",
              "shellyht",
              "f93c0b",
              "device#wakeupReason"
            ]
          },
          "channelTypeUID": {
            "segments": [
              "shelly",
              "sensorWakeup"
            ]
          },
          "configuration": {
            "properties": {}
          },
          "properties": {},
          "defaultTags": []
        },
        {
          "acceptedItemType": "Number:Dimensionless",
          "kind": "STATE",
          "uid": {
            "segments": [
              "shelly",
              "shellyht",
              "f93c0b",
              "battery#batteryLevel"
            ]
          },
          "channelTypeUID": {
            "segments": [
              "system",
              "battery-level"
            ]
          },
          "configuration": {
            "properties": {}
          },
          "properties": {},
          "defaultTags": []
        },
        {
          "acceptedItemType": "Switch",
          "kind": "STATE",
          "uid": {
            "segments": [
              "shelly",
              "shellyht",
              "f93c0b",
              "battery#lowBattery"
            ]
          },
          "channelTypeUID": {
            "segments": [
              "system",
              "low-battery"
            ]
          },
          "configuration": {
            "properties": {}
          },
          "properties": {},
          "defaultTags": []
        },
        {
          "acceptedItemType": "Number:ElectricPotential",
          "kind": "STATE",
          "uid": {
            "segments": [
              "shelly",
              "shellyht",
              "f93c0b",
              "battery#voltage"
            ]
          },
          "channelTypeUID": {
            "segments": [
              "shelly",
              "batVoltage"
            ]
          },
          "configuration": {
            "properties": {}
          },
          "properties": {},
          "defaultTags": []
        },
        {
          "acceptedItemType": "DateTime",
          "kind": "STATE",
          "uid": {
            "segments": [
              "shelly",
              "shellyht",
              "f93c0b",
              "sensors#lastUpdate"
            ]
          },
          "channelTypeUID": {
            "segments": [
              "shelly",
              "lastUpdate"
            ]
          },
          "configuration": {
            "properties": {}
          },
          "properties": {},
          "defaultTags": []
        }
      ],
      "configuration": {
        "properties": {
          "eventsCoIoT": true,
          "deviceIp": "192.168.254.101",
          "updateInterval": 1800,
          "lowBattery": 20,
          "eventsSensorReport": false
        }
      },
      "properties": {
        "deviceType": "shellyht",
        "coapDeviceDescr": "{\"blk\":[{\"I\":1, \"D\":\"sensors\"}],\"sen\":[{\"I\":33, \"D\":\"temperature\", \"T\":\"T\", \"R\":\"-40/125\", \"L\":1},{\"I\":44, \"D\":\"humidity\", \"T\":\"H\", \"R\":\"0/100\", \"L\":1},{\"I\":77, \"D\":\"battery\", \"T\":\"B\", \"R\":\"0/100\", \"L\":1}]}",
        "statsTimeoutsRecovered": "0",
        "modelId": "SHHT-1",
        "updateNewVersion": "",
        "networkIP": "192.168.254.101",
        "statsTimeoutErrors": "12",
        "numberMeters": "0",
        "serviceName": "shellyht-f93c0b",
        "numberRollers": "0",
        "coiotAutoRefresh": "true",
        "wifiNetwork": "HARVEGNET_2.4",
        "macAddress": "68C63AF93C0B",
        "updateCurrentVersion": "20200309-104344/v1.6.0@43056d58",
        "deviceMode": "",
        "numberRelays": "0",
        "devUpdatePeriod": "43800",
        "vendor": "Shelly",
        "updateStatus": "unknown",
        "coiotAutoEnable": "true",
        "firmwareVersion": "v1.6.0/20200309-104344(43056d58)",
        "updateAvailable": "no"
      },
      "uid": {
        "segments": [
          "shelly",
          "shellyht",
          "f93c0b"
        ]
      },
      "thingTypeUID": {
        "segments": [
          "shelly",
          "shellyht"
        ]
      }
    }
  },
  "modbus:poller:8c191f4e": {
    "class": "org.eclipse.smarthome.core.thing.internal.BridgeImpl",
    "value": {
      "label": "Regular Poll",
      "bridgeUID": {
        "segments": [
          "modbus",
          "serial",
          "0b2ba13a"
        ]
      },
      "channels": [],
      "configuration": {
        "properties": {
          "start": 9,
          "length": 4,
          "refresh": 500,
          "maxTries": 3,
          "cacheMillis": 50,
          "type": "coil"
        }
      },
      "properties": {},
      "uid": {
        "segments": [
          "modbus",
          "poller",
          "8c191f4e"
        ]
      },
      "thingTypeUID": {
        "segments": [
          "modbus",
          "poller"
        ]
      }
    }
  },
  "modbus:poller:cba5a921": {
    "class": "org.eclipse.smarthome.core.thing.internal.BridgeImpl",
    "value": {
      "label": "Regular Poll",
      "bridgeUID": {
        "segments": [
          "modbus",
          "serial",
          "0b2ba13a"
        ]
      },
      "channels": [],
      "configuration": {
        "properties": {
          "start": 1,
          "length": 16,
          "refresh": 6000,
          "maxTries": 3,
          "cacheMillis": 50,
          "type": "coil"
        }
      },
      "properties": {},
      "uid": {
        "segments": [
          "modbus",
          "poller",
          "cba5a921"
        ]
      },
      "thingTypeUID": {
        "segments": [
          "modbus",
          "poller"
        ]
      }
    }
  },
  "shelly:shellyht:f2b3ce": {
    "class": "org.eclipse.smarthome.core.thing.internal.ThingImpl",
    "value": {
      "label": "shellyht-f2b3ce - 192.168.254.162",
      "channels": [
        {
          "kind": "TRIGGER",
          "uid": {
            "segments": [
              "shelly",
              "shellyht",
              "f2b3ce",
              "device#alarm"
            ]
          },
          "channelTypeUID": {
            "segments": [
              "shelly",
              "alarmTrigger"
            ]
          },
          "label": "Alarm",
          "description": "Alarm Trigger, e.g. weak WiFi Signal detected or over heating.",
          "configuration": {
            "properties": {}
          },
          "properties": {},
          "defaultTags": []
        },
        {
          "acceptedItemType": "Number",
          "kind": "STATE",
          "uid": {
            "segments": [
              "shelly",
              "shellyht",
              "f2b3ce",
              "device#wifiSignal"
            ]
          },
          "channelTypeUID": {
            "segments": [
              "system",
              "signal-strength"
            ]
          },
          "label": "Signal Strength",
          "configuration": {
            "properties": {}
          },
          "properties": {},
          "defaultTags": []
        },
        {
          "acceptedItemType": "Number:Time",
          "kind": "STATE",
          "uid": {
            "segments": [
              "shelly",
              "shellyht",
              "f2b3ce",
              "device#uptime"
            ]
          },
          "channelTypeUID": {
            "segments": [
              "shelly",
              "uptime"
            ]
          },
          "label": "Uptime",
          "description": "Number of seconds since the device was powered up",
          "configuration": {
            "properties": {}
          },
          "properties": {},
          "defaultTags": []
        },
        {
          "acceptedItemType": "Switch",
          "kind": "STATE",
          "uid": {
            "segments": [
              "shelly",
              "shellyht",
              "f2b3ce",
              "device#updateAvailable"
            ]
          },
          "channelTypeUID": {
            "segments": [
              "shelly",
              "updateAvailable"
            ]
          },
          "label": "Update available",
          "description": "ON: A firmware update is available (use Shelly App to perform update)",
          "configuration": {
            "properties": {}
          },
          "properties": {},
          "defaultTags": []
        },
        {
          "acceptedItemType": "Number:Temperature",
          "kind": "STATE",
          "uid": {
            "segments": [
              "shelly",
              "shellyht",
              "f2b3ce",
              "sensors#temperature"
            ]
          },
          "channelTypeUID": {
            "segments": [
              "shelly",
              "sensorTemp"
            ]
          },
          "configuration": {
            "properties": {}
          },
          "properties": {},
          "defaultTags": []
        },
        {
          "acceptedItemType": "Number:Dimensionless",
          "kind": "STATE",
          "uid": {
            "segments": [
              "shelly",
              "shellyht",
              "f2b3ce",
              "sensors#humidity"
            ]
          },
          "channelTypeUID": {
            "segments": [
              "shelly",
              "sensorExtHum"
            ]
          },
          "configuration": {
            "properties": {}
          },
          "properties": {},
          "defaultTags": []
        },
        {
          "acceptedItemType": "String",
          "kind": "STATE",
          "uid": {
            "segments": [
              "shelly",
              "shellyht",
              "f2b3ce",
              "device#wakeupReason"
            ]
          },
          "channelTypeUID": {
            "segments": [
              "shelly",
              "sensorWakeup"
            ]
          },
          "configuration": {
            "properties": {}
          },
          "properties": {},
          "defaultTags": []
        },
        {
          "acceptedItemType": "Number:Dimensionless",
          "kind": "STATE",
          "uid": {
            "segments": [
              "shelly",
              "shellyht",
              "f2b3ce",
              "battery#batteryLevel"
            ]
          },
          "channelTypeUID": {
            "segments": [
              "system",
              "battery-level"
            ]
          },
          "configuration": {
            "properties": {}
          },
          "properties": {},
          "defaultTags": []
        },
        {
          "acceptedItemType": "Switch",
          "kind": "STATE",
          "uid": {
            "segments": [
              "shelly",
              "shellyht",
              "f2b3ce",
              "battery#lowBattery"
            ]
          },
          "channelTypeUID": {
            "segments": [
              "system",
              "low-battery"
            ]
          },
          "configuration": {
            "properties": {}
          },
          "properties": {},
          "defaultTags": []
        },
        {
          "acceptedItemType": "Number:ElectricPotential",
          "kind": "STATE",
          "uid": {
            "segments": [
              "shelly",
              "shellyht",
              "f2b3ce",
              "battery#voltage"
            ]
          },
          "channelTypeUID": {
            "segments": [
              "shelly",
              "batVoltage"
            ]
          },
          "configuration": {
            "properties": {}
          },
          "properties": {},
          "defaultTags": []
        },
        {
          "acceptedItemType": "DateTime",
          "kind": "STATE",
          "uid": {
            "segments": [
              "shelly",
              "shellyht",
              "f2b3ce",
              "sensors#lastUpdate"
            ]
          },
          "channelTypeUID": {
            "segments": [
              "shelly",
              "lastUpdate"
            ]
          },
          "configuration": {
            "properties": {}
          },
          "properties": {},
          "defaultTags": []
        }
      ],
      "configuration": {
        "properties": {
          "eventsCoIoT": false,
          "deviceIp": "192.168.254.162",
          "updateInterval": 3600,
          "lowBattery": 20,
          "eventsSensorReport": true
        }
      },
      "properties": {
        "deviceType": "shellyht",
        "coapDeviceDescr": "{\"blk\":[{\"I\":1, \"D\":\"sensors\"}],\"sen\":[{\"I\":33, \"D\":\"temperature\", \"T\":\"T\", \"R\":\"-40/125\", \"L\":1},{\"I\":44, \"D\":\"humidity\", \"T\":\"H\", \"R\":\"0/100\", \"L\":1},{\"I\":77, \"D\":\"battery\", \"T\":\"B\", \"R\":\"0/100\", \"L\":1}]}",
        "statsTimeoutsRecovered": "0",
        "modelId": "SHHT-1",
        "updateNewVersion": "20200625-102341/v1.7.3@2aa0993a",
        "networkIP": "192.168.254.162",
        "statsTimeoutErrors": "3",
        "numberMeters": "0",
        "serviceName": "shellyht-f2b3ce",
        "numberRollers": "0",
        "coiotAutoRefresh": "true",
        "wifiNetwork": "HARVEGNET_2.4",
        "macAddress": "98F4ABF2B3CE",
        "updateCurrentVersion": "20200309-104344/v1.6.0@43056d58",
        "deviceMode": "",
        "numberRelays": "0",
        "devUpdatePeriod": "43800",
        "vendor": "Shelly",
        "updateStatus": "pending",
        "coiotAutoEnable": "true",
        "firmwareVersion": "v1.6.0/20200309-104344(43056d58)",
        "updateAvailable": "yes"
      },
      "uid": {
        "segments": [
          "shelly",
          "shellyht",
          "f2b3ce"
        ]
      },
      "thingTypeUID": {
        "segments": [
          "shelly",
          "shellyht"
        ]
      }
    }
  }
}